State,Date,Daily Confirmed,Daily deceased,Daily recovered,Daily tested
Andaman and Nicobar Islands,3/26/2020,1,0,0,0
Andaman and Nicobar Islands,3/27/2020,5,0,0,0
Andaman and Nicobar Islands,3/28/2020,3,0,0,0
Andaman and Nicobar Islands,3/30/2020,1,0,0,0
Andaman and Nicobar Islands,4/8/2020,1,0,0,0
Andaman and Nicobar Islands,4/17/2020,1,0,0,1403
Andaman and Nicobar Islands,4/24/2020,7,0,0,1276
Andaman and Nicobar Islands,6/9/2020,1,0,0,518
Andaman and Nicobar Islands,6/10/2020,1,0,0,151
Andhra Pradesh,3/12/2020,1,0,0,0
Andhra Pradesh,3/19/2020,2,0,0,0
Andhra Pradesh,3/21/2020,2,0,0,0
Andhra Pradesh,3/22/2020,1,0,0,0
Andhra Pradesh,3/23/2020,1,0,0,0
Andhra Pradesh,3/24/2020,1,0,0,0
Andhra Pradesh,3/25/2020,2,0,0,0
Andhra Pradesh,3/26/2020,1,0,0,0
Andhra Pradesh,3/27/2020,2,0,0,0
Andhra Pradesh,3/28/2020,6,0,0,0
Andhra Pradesh,3/29/2020,2,0,1,0
Andhra Pradesh,4/1/2020,67,0,1,0
Andhra Pradesh,4/2/2020,38,0,0,1800
Andhra Pradesh,4/9/2020,15,2,4,0
Andhra Pradesh,4/12/2020,15,1,2,0
Andhra Pradesh,4/14/2020,45,4,4,1750
Andhra Pradesh,4/15/2020,41,3,4,1108
Andhra Pradesh,4/18/2020,31,2,7,1215
Andhra Pradesh,4/19/2020,44,1,23,5508
Andhra Pradesh,4/20/2020,75,3,27,3775
Andhra Pradesh,4/21/2020,35,2,4,5022
Andhra Pradesh,4/22/2020,56,2,24,5757
Andhra Pradesh,4/23/2020,80,3,21,6520
Andhra Pradesh,4/24/2020,62,2,4,6306
Andhra Pradesh,4/25/2020,61,2,26,6928
Andhra Pradesh,4/26/2020,81,0,60,6768
Andhra Pradesh,4/27/2020,80,0,4,6517
Andhra Pradesh,4/28/2020,82,0,23,5783
Andhra Pradesh,4/29/2020,73,0,29,7727
Andhra Pradesh,4/30/2020,71,0,34,6497
Andhra Pradesh,5/1/2020,60,2,82,7902
Andhra Pradesh,5/2/2020,62,0,38,5943
Andhra Pradesh,5/3/2020,58,0,47,6534
Andhra Pradesh,5/4/2020,67,0,36,10292
Andhra Pradesh,5/5/2020,67,1,65,8263
Andhra Pradesh,5/6/2020,60,2,140,7782
Andhra Pradesh,5/7/2020,56,2,51,8087
Andhra Pradesh,5/8/2020,54,3,62,7320
Andhra Pradesh,5/9/2020,43,3,45,8388
Andhra Pradesh,5/10/2020,50,1,38,8666
Andhra Pradesh,5/11/2020,38,0,73,7409
Andhra Pradesh,5/12/2020,71,1,58,10730
Andhra Pradesh,5/13/2020,48,1,86,9322
Andhra Pradesh,5/14/2020,68,1,50,9256
Andhra Pradesh,5/15/2020,102,0,60,9038
Andhra Pradesh,5/16/2020,48,1,101,0
Andhra Pradesh,5/17/2020,25,1,103,19508
Andhra Pradesh,5/18/2020,52,0,96,9773
Andhra Pradesh,5/19/2020,57,2,69,9679
Andhra Pradesh,5/20/2020,71,1,43,9162
Andhra Pradesh,5/21/2020,45,1,41,8092
Andhra Pradesh,5/22/2020,62,1,26,8415
Andhra Pradesh,5/23/2020,47,1,48,8850
Andhra Pradesh,5/24/2020,66,0,62,11357
Andhra Pradesh,5/25/2020,106,0,51,10240
Andhra Pradesh,5/26/2020,97,1,125,8148
Andhra Pradesh,5/27/2020,134,1,48,9664
Andhra Pradesh,5/28/2020,128,1,68,9858
Andhra Pradesh,5/29/2020,85,1,101,11638
Andhra Pradesh,5/30/2020,131,0,55,9504
Andhra Pradesh,5/31/2020,110,2,51,9370
Andhra Pradesh,6/1/2020,105,2,34,10567
Andhra Pradesh,6/2/2020,115,0,40,12366
Andhra Pradesh,6/3/2020,180,4,50,8066
Andhra Pradesh,6/4/2020,141,3,65,9986
Andhra Pradesh,6/5/2020,138,2,36,9831
Andhra Pradesh,6/6/2020,210,0,75,12771
Andhra Pradesh,6/7/2020,199,2,29,17695
Andhra Pradesh,6/8/2020,154,0,42,14246
Andhra Pradesh,6/9/2020,69,2,48,15085
Andhra Pradesh,6/10/2020,365,1,110,15355
Andhra Pradesh,6/11/2020,182,2,99,11602
Andhra Pradesh,6/12/2020,207,0,123,11775
Arunachal Pradesh,4/2/2020,1,0,0,0
Arunachal Pradesh,5/24/2020,1,0,0,222
Arunachal Pradesh,5/28/2020,1,0,0,548
Arunachal Pradesh,5/30/2020,1,0,0,529
Arunachal Pradesh,6/1/2020,18,0,0,485
Arunachal Pradesh,6/2/2020,2,0,0,311
Arunachal Pradesh,6/3/2020,10,0,0,472
Arunachal Pradesh,6/4/2020,5,0,0,474
Arunachal Pradesh,6/5/2020,4,0,0,765
Arunachal Pradesh,6/6/2020,2,0,0,471
Arunachal Pradesh,6/7/2020,3,0,0,255
Arunachal Pradesh,6/8/2020,6,0,0,496
Arunachal Pradesh,6/9/2020,0,0,1,443
Arunachal Pradesh,6/10/2020,4,0,2,580
Arunachal Pradesh,6/11/2020,6,0,0,444
Assam,3/31/2020,1,0,0,0
Assam,4/1/2020,15,0,0,0
Assam,4/10/2020,0,1,0,1901
Assam,4/12/2020,1,0,0,127
Assam,4/14/2020,1,0,0,353
Assam,4/16/2020,2,0,3,495
Assam,5/11/2020,2,0,5,1587
Assam,5/15/2020,3,0,1,2354
Assam,5/17/2020,8,0,1,3100
Assam,5/18/2020,15,2,0,3522
Assam,5/20/2020,31,0,7,5968
Assam,5/21/2020,22,0,6,4646
Assam,5/23/2020,121,0,2,4614
Assam,5/24/2020,46,0,1,6039
Assam,5/25/2020,156,0,5,3585
Assam,5/29/2020,177,0,22,19736
Assam,5/30/2020,159,0,38,8867
Assam,5/31/2020,123,0,22,7840
Assam,6/2/2020,74,0,53,11278
Assam,6/3/2020,271,0,76,6351
Assam,6/4/2020,285,0,46,6303
Assam,6/6/2020,230,0,79,13576
Assam,6/7/2020,208,0,48,6721
Assam,6/9/2020,215,1,312,16516
Assam,6/10/2020,235,1,152,0
Assam,6/11/2020,145,0,184,11266
Assam,6/12/2020,263,2,152,6982
Bihar,3/22/2020,2,0,0,0
Bihar,3/23/2020,1,0,0,0
Bihar,3/25/2020,1,0,0,0
Bihar,3/26/2020,3,0,0,0
Bihar,3/27/2020,2,0,0,0
Bihar,3/28/2020,2,0,0,0
Bihar,3/29/2020,4,1,0,0
Bihar,4/2/2020,5,0,3,0
Bihar,4/13/2020,2,0,2,560
Bihar,4/16/2020,11,0,8,583
Bihar,4/18/2020,1,1,5,644
Bihar,4/23/2020,27,0,2,807
Bihar,4/25/2020,28,0,1,961
Bihar,4/26/2020,26,0,11,1156
Bihar,4/28/2020,20,0,8,1611
Bihar,4/30/2020,22,0,20,1492
Bihar,5/1/2020,41,1,14,1446
Bihar,5/2/2020,15,1,19,1606
Bihar,5/3/2020,36,0,7,1227
Bihar,5/4/2020,11,0,3,1394
Bihar,5/5/2020,7,0,31,446
Bihar,5/7/2020,8,1,60,513
Bihar,5/8/2020,29,0,49,479
Bihar,5/9/2020,32,0,51,1232
Bihar,5/10/2020,96,1,36,1118
Bihar,5/11/2020,42,0,23,1992
Bihar,5/12/2020,130,0,5,2768
Bihar,5/13/2020,74,1,18,1719
Bihar,5/14/2020,46,0,12,1633
Bihar,5/15/2020,34,0,28,1863
Bihar,5/16/2020,145,1,33,1695
Bihar,5/18/2020,103,1,44,1267
Bihar,5/20/2020,257,0,54,2798
Bihar,5/22/2020,179,2,58,2789
Bihar,5/23/2020,228,0,24,2739
Bihar,5/24/2020,180,0,49,2521
Bihar,5/25/2020,163,2,31,0
Bihar,5/26/2020,231,1,67,0
Bihar,5/27/2020,68,1,118,4521
Bihar,5/28/2020,149,0,132,2013
Bihar,5/29/2020,174,0,159,1981
Bihar,5/30/2020,206,6,102,1673
Bihar,5/31/2020,242,2,209,1808
Bihar,6/1/2020,138,0,221,2353
Bihar,6/2/2020,151,1,62,3323
Bihar,6/3/2020,230,1,222,3316
Bihar,6/4/2020,126,3,95,3584
Bihar,6/5/2020,146,1,113,3590
Bihar,6/6/2020,233,0,65,3570
Bihar,6/7/2020,239,1,107,3635
Bihar,6/8/2020,177,1,137,3210
Bihar,6/9/2020,208,2,228,3270
Bihar,6/10/2020,243,1,164,3895
Bihar,6/11/2020,250,0,152,3742
Bihar,6/12/2020,148,1,230,3446
Chandigarh ,3/19/2020,1,0,0,0
Chandigarh ,3/20/2020,4,0,0,0
Chandigarh ,3/22/2020,1,0,0,0
Chandigarh ,3/23/2020,1,0,0,0
Chandigarh ,3/27/2020,1,0,0,0
Chandigarh ,3/30/2020,5,0,0,0
Chandigarh ,3/31/2020,2,0,0,0
Chandigarh ,4/1/2020,2,0,0,0
Chandigarh ,4/2/2020,1,0,0,124
Chandigarh ,4/10/2020,1,0,0,39
Chandigarh ,4/12/2020,2,0,0,15
Chandigarh ,4/15/2020,0,0,2,8
Chandigarh ,4/18/2020,2,0,0,23
Chandigarh ,4/19/2020,3,0,4,49
Chandigarh ,4/20/2020,0,0,1,23
Chandigarh ,4/21/2020,1,0,0,44
Chandigarh ,4/24/2020,0,0,1,39
Chandigarh ,4/25/2020,1,0,0,96
Chandigarh ,4/26/2020,8,0,2,22
Chandigarh ,4/27/2020,9,0,0,87
Chandigarh ,4/28/2020,11,0,0,81
Chandigarh ,4/29/2020,12,0,0,88
Chandigarh ,4/30/2020,6,0,1,135
Chandigarh ,5/1/2020,14,0,0,105
Chandigarh ,5/2/2020,6,0,1,210
Chandigarh ,5/3/2020,3,1,0,154
Chandigarh ,5/4/2020,5,0,2,62
Chandigarh ,5/8/2020,11,1,0,68
Chandigarh ,5/9/2020,23,0,3,142
Chandigarh ,5/10/2020,4,1,0,87
Chandigarh ,5/11/2020,8,0,4,35
Chandigarh ,5/12/2020,6,0,2,99
Chandigarh ,5/18/2020,5,0,3,80
Chandigarh ,5/19/2020,3,0,3,139
Chandigarh ,5/21/2020,16,0,42,338
Chandigarh ,5/23/2020,6,0,1,218
Chandigarh ,5/24/2020,37,1,0,155
Chandigarh ,5/25/2020,4,0,8,185
Chandigarh ,5/28/2020,10,0,2,135
Chandigarh ,6/1/2020,4,0,15,31
Chandigarh ,6/2/2020,4,1,0,86
Chandigarh ,6/4/2020,1,0,8,82
Chandigarh ,6/5/2020,7,0,51,62
Chandigarh ,6/7/2020,2,0,1,75
Chandigarh ,6/8/2020,6,0,11,73
Chandigarh ,6/10/2020,2,0,4,147
Chandigarh ,6/11/2020,4,0,4,104
Chandigarh ,6/12/2020,13,0,2,72
Chhattisgarh,3/19/2020,1,0,0,0
Chhattisgarh,3/25/2020,2,0,0,0
Chhattisgarh,3/26/2020,3,0,0,0
Chhattisgarh,3/28/2020,1,0,0,0
Chhattisgarh,3/30/2020,1,0,0,0
Chhattisgarh,3/31/2020,1,0,2,0
Chhattisgarh,4/2/2020,0,0,1,1232
Chhattisgarh,4/11/2020,7,0,0,385
Chhattisgarh,4/12/2020,6,0,1,87
Chhattisgarh,4/14/2020,2,0,3,435
Chhattisgarh,4/15/2020,0,0,4,310
Chhattisgarh,4/16/2020,3,0,6,397
Chhattisgarh,4/17/2020,0,0,1,257
Chhattisgarh,4/22/2020,0,0,3,948
Chhattisgarh,4/23/2020,0,0,2,1126
Chhattisgarh,4/25/2020,1,0,2,1210
Chhattisgarh,4/28/2020,1,0,2,750
Chhattisgarh,4/30/2020,2,0,2,995
Chhattisgarh,5/1/2020,3,0,0,498
Chhattisgarh,5/3/2020,14,0,0,1863
Chhattisgarh,5/5/2020,1,0,0,1421
Chhattisgarh,5/8/2020,0,0,2,1441
Chhattisgarh,5/9/2020,0,0,5,877
Chhattisgarh,5/10/2020,0,0,6,776
Chhattisgarh,5/12/2020,0,0,1,2057
Chhattisgarh,5/13/2020,0,0,1,1498
Chhattisgarh,5/14/2020,1,0,1,860
Chhattisgarh,5/15/2020,6,0,0,1644
Chhattisgarh,5/16/2020,1,0,2,1337
Chhattisgarh,5/17/2020,18,0,1,0
Chhattisgarh,5/18/2020,10,0,0,3928
Chhattisgarh,5/19/2020,5,0,0,2404
Chhattisgarh,5/21/2020,14,0,0,6512
Chhattisgarh,5/22/2020,44,0,3,2594
Chhattisgarh,5/23/2020,42,0,2,1647
Chhattisgarh,5/25/2020,40,0,3,5259
Chhattisgarh,5/26/2020,68,0,12,2457
Chhattisgarh,5/27/2020,4,0,4,1841
Chhattisgarh,5/28/2020,34,0,0,2451
Chhattisgarh,5/29/2020,17,1,17,2221
Chhattisgarh,5/30/2020,32,0,2,2425
Chhattisgarh,5/31/2020,51,0,12,2735
Chhattisgarh,6/1/2020,49,0,7,1574
Chhattisgarh,6/2/2020,15,1,9,2472
Chhattisgarh,6/3/2020,64,0,40,3248
Chhattisgarh,6/4/2020,147,0,36,2525
Chhattisgarh,6/5/2020,90,0,25,2802
Chhattisgarh,6/6/2020,60,2,28,3573
Chhattisgarh,6/7/2020,150,0,7,3550
Chhattisgarh,6/8/2020,124,0,69,3702
Chhattisgarh,6/9/2020,14,1,12,461
Chhattisgarh,6/10/2020,51,1,4,1517
Chhattisgarh,6/11/2020,136,0,70,1654
Chhattisgarh,6/12/2020,47,0,123,2373
Delhi ,3/2/2020,1,0,0,0
Delhi ,3/5/2020,1,0,0,0
Delhi ,3/6/2020,1,0,0,0
Delhi ,3/9/2020,1,0,0,0
Delhi ,3/11/2020,1,0,0,0
Delhi ,3/12/2020,1,0,0,0
Delhi ,3/13/2020,1,0,0,0
Delhi ,3/17/2020,3,0,0,0
Delhi ,3/18/2020,1,0,0,0
Delhi ,3/19/2020,3,0,0,0
Delhi ,3/20/2020,6,0,0,0
Delhi ,3/21/2020,7,0,0,0
Delhi ,3/22/2020,1,0,0,0
Delhi ,3/23/2020,2,0,0,0
Delhi ,3/25/2020,5,0,0,0
Delhi ,3/26/2020,4,0,0,0
Delhi ,3/27/2020,1,0,0,0
Delhi ,3/28/2020,9,0,0,0
Delhi ,3/29/2020,23,2,6,0
Delhi ,4/2/2020,141,2,2,0
Delhi ,4/7/2020,51,2,4,6420
Delhi ,4/9/2020,51,3,4,927
Delhi ,4/10/2020,183,2,2,1093
Delhi ,4/11/2020,166,5,0,648
Delhi ,4/12/2020,85,5,1,2327
Delhi ,4/13/2020,356,4,3,996
Delhi ,4/14/2020,51,2,0,1250
Delhi ,4/15/2020,17,2,10,323
Delhi ,4/16/2020,62,6,11,2179
Delhi ,4/17/2020,67,4,20,2625
Delhi ,4/18/2020,186,1,135,874
Delhi ,4/19/2020,110,2,83,2104
Delhi ,4/20/2020,78,2,141,1513
Delhi ,4/21/2020,75,0,180,727
Delhi ,4/22/2020,92,1,113,1682
Delhi ,4/23/2020,128,2,84,2251
Delhi ,4/24/2020,138,3,49,3112
Delhi ,4/25/2020,111,1,12,1847
Delhi ,4/26/2020,293,0,8,2094
Delhi ,4/28/2020,206,0,201,3459
Delhi ,4/29/2020,125,2,14,3855
Delhi ,4/30/2020,76,3,2,0
Delhi ,5/1/2020,223,2,73,0
Delhi ,5/2/2020,384,3,89,10985
Delhi ,5/3/2020,427,0,106,2036
Delhi ,5/4/2020,349,0,69,3862
Delhi ,5/5/2020,206,0,37,3744
Delhi ,5/6/2020,428,1,74,4082
Delhi ,5/7/2020,448,1,389,5300
Delhi ,5/8/2020,338,2,89,4133
Delhi ,5/10/2020,381,5,49,9584
Delhi ,5/11/2020,310,0,60,3868
Delhi ,5/12/2020,406,13,383,8431
Delhi ,5/13/2020,359,20,346,7236
Delhi ,5/14/2020,472,9,187,6391
Delhi ,5/15/2020,425,8,473,5453
Delhi ,5/16/2020,438,6,408,5656
Delhi ,5/17/2020,422,19,276,4946
Delhi ,5/18/2020,299,12,283,3936
Delhi ,5/19/2020,500,6,265,6127
Delhi ,5/20/2020,534,10,442,4428
Delhi ,5/21/2020,571,18,375,4103
Delhi ,5/22/2020,660,14,330,5870
Delhi ,5/23/2020,591,23,370,4792
Delhi ,5/24/2020,508,30,273,4826
Delhi ,5/25/2020,635,15,231,4596
Delhi ,5/26/2020,412,12,183,4110
Delhi ,5/27/2020,792,15,310,5783
Delhi ,5/28/2020,1024,13,231,7615
Delhi ,5/29/2020,1105,82,351,7649
Delhi ,5/30/2020,1163,18,229,7113
Delhi ,5/31/2020,1295,57,403,6045
Delhi ,6/1/2020,990,50,268,4753
Delhi ,6/2/2020,1298,33,497,6070
Delhi ,6/3/2020,1513,59,299,6538
Delhi ,6/4/2020,1359,44,356,6361
Delhi ,6/5/2020,1330,49,417,5187
Delhi ,6/6/2020,1320,53,349,5180
Delhi ,6/7/2020,1282,51,335,5042
Delhi ,6/8/2020,1007,62,358,3700
Delhi ,6/9/2020,1366,31,504,5464
Delhi ,6/10/2020,1501,79,384,5077
Delhi ,6/11/2020,1877,101,486,5360
Delhi ,6/12/2020,2137,129,667,5947
Dadra and Nagar Haveli ,4/9/2020,0,0,0,80
Dadra and Nagar Haveli ,4/10/2020,0,0,0,50
Dadra and Nagar Haveli ,4/11/2020,0,0,0,81
Dadra and Nagar Haveli ,4/15/2020,0,0,0,145
Dadra and Nagar Haveli ,4/16/2020,0,0,0,26
Dadra and Nagar Haveli ,4/21/2020,0,0,0,92
Dadra and Nagar Haveli ,4/22/2020,0,0,0,200
Dadra and Nagar Haveli ,4/23/2020,0,0,0,239
Dadra and Nagar Haveli ,4/25/2020,0,0,0,473
Dadra and Nagar Haveli ,4/26/2020,0,0,0,515
Dadra and Nagar Haveli ,4/27/2020,0,0,0,478
Dadra and Nagar Haveli ,4/29/2020,0,0,0,542
Dadra and Nagar Haveli ,4/30/2020,0,0,0,543
Dadra and Nagar Haveli ,5/1/2020,0,0,0,539
Dadra and Nagar Haveli ,5/3/2020,0,0,0,325
Dadra and Nagar Haveli ,5/4/2020,0,0,0,106
Dadra and Nagar Haveli ,5/5/2020,1,0,0,347
Dadra and Nagar Haveli ,5/12/2020,0,0,1,214
Dadra and Nagar Haveli ,5/23/2020,1,0,0,319
Dadra and Nagar Haveli ,6/1/2020,1,0,0,216
Dadra and Nagar Haveli ,6/3/2020,8,0,0,371
Dadra and Nagar Haveli ,6/4/2020,3,0,0,311
Dadra and Nagar Haveli ,6/6/2020,5,0,0,1113
Dadra and Nagar Haveli ,6/7/2020,1,0,1,766
Dadra and Nagar Haveli ,6/8/2020,2,0,0,731
Dadra and Nagar Haveli ,6/10/2020,5,0,0,902
Goa,3/25/2020,3,0,0,0
Goa,3/29/2020,2,0,0,0
Goa,4/10/2020,0,0,1,10
Goa,4/15/2020,0,0,1,77
Goa,4/19/2020,0,0,1,68
Goa,5/14/2020,8,0,0,1429
Goa,5/16/2020,5,0,0,707
Goa,5/17/2020,9,0,0,774
Goa,5/19/2020,8,0,0,764
Goa,5/20/2020,4,0,0,587
Goa,5/21/2020,2,0,0,723
Goa,5/22/2020,2,0,9,503
Goa,5/23/2020,1,0,0,583
Goa,5/24/2020,11,0,0,554
Goa,5/25/2020,1,0,3,361
Goa,5/26/2020,0,0,9,443
Goa,5/27/2020,1,0,9,608
Goa,5/28/2020,1,0,1,871
Goa,5/29/2020,0,0,3,1359
Goa,5/30/2020,1,0,1,1730
Goa,5/31/2020,1,0,2,1620
Goa,6/1/2020,2,0,6,1289
Goa,6/2/2020,6,0,7,1598
Goa,6/3/2020,47,0,0,1438
Goa,6/4/2020,40,0,0,1484
Goa,6/5/2020,30,0,8,908
Goa,6/6/2020,71,0,0,1194
Goa,6/7/2020,33,0,0,2337
Goa,6/8/2020,30,0,2,1716
Goa,6/9/2020,29,0,0,739
Goa,6/10/2020,28,0,0,3138
Goa,6/11/2020,30,0,0,2526
Goa,6/12/2020,46,0,2,1440
Gujarat,3/19/2020,2,0,0,0
Gujarat,3/20/2020,5,0,0,0
Gujarat,3/21/2020,7,0,0,0
Gujarat,3/22/2020,4,0,0,0
Gujarat,3/23/2020,12,0,0,0
Gujarat,3/24/2020,6,0,0,0
Gujarat,3/25/2020,2,0,0,0
Gujarat,3/26/2020,6,0,0,0
Gujarat,3/27/2020,3,0,0,0
Gujarat,3/28/2020,8,0,0,0
Gujarat,3/29/2020,8,5,1,0
Gujarat,3/30/2020,7,1,2,0
Gujarat,3/31/2020,4,0,2,0
Gujarat,4/2/2020,1,1,5,0
Gujarat,4/3/2020,7,2,0,0
Gujarat,4/4/2020,13,1,3,0
Gujarat,4/5/2020,20,1,8,0
Gujarat,4/6/2020,18,1,1,0
Gujarat,4/7/2020,29,2,3,0
Gujarat,4/8/2020,11,2,0,4224
Gujarat,4/9/2020,76,2,1,0
Gujarat,4/10/2020,116,1,7,3494
Gujarat,4/11/2020,90,3,11,2045
Gujarat,4/12/2020,48,2,0,1952
Gujarat,4/13/2020,56,2,10,2536
Gujarat,4/14/2020,78,2,5,729
Gujarat,4/15/2020,116,5,5,4217
Gujarat,4/16/2020,163,3,9,1706
Gujarat,4/17/2020,170,5,13,2580
Gujarat,4/18/2020,277,12,7,2619
Gujarat,4/19/2020,367,10,12,3002
Gujarat,4/20/2020,196,8,26,4212
Gujarat,4/21/2020,239,19,8,3513
Gujarat,4/22/2020,229,13,40,2592
Gujarat,4/23/2020,217,9,79,2963
Gujarat,4/24/2020,191,15,7,4359
Gujarat,4/25/2020,256,6,17,1572
Gujarat,4/26/2020,230,18,31,2776
Gujarat,4/27/2020,247,11,81,2484
Gujarat,4/28/2020,226,19,40,2526
Gujarat,4/29/2020,308,16,93,3387
Gujarat,4/30/2020,313,17,86,4519
Gujarat,5/1/2020,326,22,123,4767
Gujarat,5/2/2020,333,26,160,5342
Gujarat,5/3/2020,374,28,146,5944
Gujarat,5/4/2020,376,29,153,4588
Gujarat,5/5/2020,441,49,186,4984
Gujarat,5/6/2020,380,28,119,5559
Gujarat,5/7/2020,388,29,209,5362
Gujarat,5/8/2020,390,24,163,4833
Gujarat,5/9/2020,394,23,219,4264
Gujarat,5/10/2020,398,21,454,3843
Gujarat,5/11/2020,347,20,235,2977
Gujarat,5/12/2020,362,24,466,3066
Gujarat,5/13/2020,364,29,316,2761
Gujarat,5/14/2020,324,20,191,2411
Gujarat,5/15/2020,340,20,282,3151
Gujarat,5/16/2020,1057,19,273,10548
Gujarat,5/17/2020,391,34,191,5193
Gujarat,5/18/2020,366,35,305,5224
Gujarat,5/19/2020,395,25,239,5850
Gujarat,5/20/2020,398,30,176,6098
Gujarat,5/21/2020,371,24,269,5380
Gujarat,5/22/2020,363,29,392,6410
Gujarat,5/23/2020,396,27,289,5506
Gujarat,5/24/2020,394,29,243,4800
Gujarat,5/25/2020,405,30,224,3493
Gujarat,5/26/2020,361,27,501,2952
Gujarat,5/27/2020,376,23,410,4550
Gujarat,5/28/2020,367,22,454,4185
Gujarat,5/29/2020,372,20,608,3433
Gujarat,5/30/2020,412,27,621,4299
Gujarat,5/31/2020,438,31,689,6150
Gujarat,6/1/2020,423,25,861,4328
Gujarat,6/2/2020,415,29,1114,5352
Gujarat,6/3/2020,485,30,318,6288
Gujarat,6/4/2020,492,33,455,6023
Gujarat,6/5/2020,510,35,344,5990
Gujarat,6/6/2020,498,29,313,5695
Gujarat,6/7/2020,480,30,319,6080
Gujarat,6/8/2020,477,31,321,4603
Gujarat,6/9/2020,470,33,409,5298
Gujarat,6/10/2020,510,34,370,4817
Gujarat,6/11/2020,513,38,366,6520
Gujarat,6/12/2020,495,31,392,5213
Himachal Pradesh,3/14/2020,0,0,0,0
Himachal Pradesh,4/14/2020,1,0,1,101
Himachal Pradesh,4/23/2020,1,0,2,320
Himachal Pradesh,5/5/2020,1,1,0,463
Himachal Pradesh,5/9/2020,2,0,1,686
Himachal Pradesh,5/16/2020,2,0,4,977
Himachal Pradesh,5/17/2020,2,0,1,883
Himachal Pradesh,5/18/2020,10,0,2,807
Himachal Pradesh,5/19/2020,2,1,5,1421
Himachal Pradesh,5/20/2020,18,0,3,1502
Himachal Pradesh,5/21/2020,42,0,5,1494
Himachal Pradesh,5/23/2020,17,0,2,1659
Himachal Pradesh,5/24/2020,18,0,2,1383
Himachal Pradesh,5/25/2020,20,0,4,1058
Himachal Pradesh,5/27/2020,26,2,3,1473
Himachal Pradesh,5/28/2020,8,0,7,1597
Himachal Pradesh,5/29/2020,14,0,10,1530
Himachal Pradesh,5/30/2020,18,0,24,1689
Himachal Pradesh,5/31/2020,18,0,9,1500
Himachal Pradesh,6/1/2020,9,0,2,729
Himachal Pradesh,6/2/2020,5,0,18,1723
Himachal Pradesh,6/3/2020,14,0,10,1731
Himachal Pradesh,6/4/2020,24,0,29,1352
Himachal Pradesh,6/5/2020,10,0,10,985
Himachal Pradesh,6/6/2020,7,0,5,821
Himachal Pradesh,6/7/2020,11,0,28,1379
Himachal Pradesh,6/8/2020,10,0,5,528
Himachal Pradesh,6/9/2020,16,0,14,1239
Himachal Pradesh,6/10/2020,14,1,13,1267
Himachal Pradesh,6/11/2020,19,0,26,1300
Himachal Pradesh,6/12/2020,16,0,17,1198
Haryana,3/4/2020,14,0,0,0
Haryana,3/17/2020,1,0,0,0
Haryana,3/18/2020,2,0,0,0
Haryana,3/20/2020,2,0,0,0
Haryana,3/21/2020,2,0,0,0
Haryana,3/23/2020,7,0,0,0
Haryana,3/24/2020,2,0,0,0
Haryana,3/25/2020,1,0,0,0
Haryana,3/26/2020,1,0,0,0
Haryana,3/27/2020,1,0,0,0
Haryana,3/28/2020,2,0,0,0
Haryana,3/30/2020,1,0,6,0
Haryana,3/31/2020,7,0,4,0
Haryana,4/3/2020,9,0,1,1325
Haryana,4/4/2020,26,0,1,0
Haryana,4/7/2020,33,0,2,1195
Haryana,4/8/2020,24,0,1,130
Haryana,4/10/2020,6,0,4,563
Haryana,4/12/2020,16,1,8,240
Haryana,4/13/2020,1,0,7,586
Haryana,4/14/2020,2,0,4,721
Haryana,4/15/2020,6,0,2,2178
Haryana,4/16/2020,11,0,8,676
Haryana,4/17/2020,8,0,21,820
Haryana,4/18/2020,9,0,14,1570
Haryana,4/19/2020,18,0,4,2233
Haryana,4/20/2020,1,0,37,1207
Haryana,4/21/2020,4,0,6,668
Haryana,4/22/2020,9,0,11,999
Haryana,4/23/2020,6,0,12,2021
Haryana,4/24/2020,5,0,16,1263
Haryana,4/25/2020,12,0,5,1425
Haryana,4/26/2020,9,0,8,1197
Haryana,4/27/2020,5,0,14,1526
Haryana,4/28/2020,7,0,11,1833
Haryana,4/29/2020,3,0,1,1322
Haryana,4/30/2020,28,1,10,2054
Haryana,5/1/2020,18,0,6,1989
Haryana,5/2/2020,19,1,1,1009
Haryana,5/3/2020,66,0,3,4078
Haryana,5/4/2020,75,1,9,2905
Haryana,5/5/2020,31,0,2,2799
Haryana,5/6/2020,46,1,4,2297
Haryana,5/8/2020,22,1,19,3251
Haryana,5/9/2020,28,1,11,3536
Haryana,5/10/2020,28,1,10,3701
Haryana,5/11/2020,27,1,37,2752
Haryana,5/12/2020,50,0,5,2642
Haryana,5/13/2020,13,0,76,3408
Haryana,5/14/2020,25,0,21,3406
Haryana,5/15/2020,36,2,25,3135
Haryana,5/16/2020,33,0,50,2771
Haryana,5/17/2020,23,1,48,2932
Haryana,5/18/2020,18,0,36,2669
Haryana,5/19/2020,36,0,29,1846
Haryana,5/20/2020,29,0,21,1400
Haryana,5/21/2020,37,0,33,4194
Haryana,5/22/2020,37,2,25,2981
Haryana,5/23/2020,64,0,44,2916
Haryana,5/24/2020,53,0,15,2971
Haryana,5/25/2020,29,0,37,2981
Haryana,5/26/2020,92,0,22,2031
Haryana,5/27/2020,76,2,14,2729
Haryana,5/28/2020,123,1,43,3284
Haryana,5/29/2020,217,0,59,2909
Haryana,5/30/2020,202,1,31,3743
Haryana,5/31/2020,168,0,77,3455
Haryana,6/1/2020,265,1,7,3641
Haryana,6/2/2020,296,2,14,2785
Haryana,6/3/2020,302,0,20,3331
Haryana,6/4/2020,327,1,34,4680
Haryana,6/5/2020,316,0,86,4877
Haryana,6/6/2020,355,0,71,4236
Haryana,6/7/2020,496,4,194,4034
Haryana,6/8/2020,406,11,226,4498
Haryana,6/9/2020,355,6,107,3472
Haryana,6/10/2020,370,7,381,4778
Haryana,6/11/2020,389,12,73,4497
Haryana,6/12/2020,366,6,214,4534
Jharkhand,3/31/2020,1,0,0,0
Jharkhand,4/2/2020,1,0,0,0
Jharkhand,4/5/2020,1,0,0,0
Jharkhand,4/6/2020,1,0,0,0
Jharkhand,4/9/2020,9,1,0,0
Jharkhand,4/10/2020,1,0,0,1340
Jharkhand,4/11/2020,3,0,0,206
Jharkhand,4/12/2020,2,1,0,137
Jharkhand,4/13/2020,5,0,0,299
Jharkhand,4/14/2020,3,0,0,352
Jharkhand,4/17/2020,3,0,0,809
Jharkhand,4/18/2020,1,0,0,288
Jharkhand,4/19/2020,8,0,0,215
Jharkhand,4/20/2020,5,0,4,589
Jharkhand,4/23/2020,7,1,4,204
Jharkhand,4/26/2020,15,0,5,836
Jharkhand,4/27/2020,21,0,4,951
Jharkhand,4/28/2020,2,0,2,651
Jharkhand,5/1/2020,3,0,2,784
Jharkhand,5/2/2020,2,0,1,622
Jharkhand,5/5/2020,10,0,6,1232
Jharkhand,5/6/2020,2,0,4,844
Jharkhand,5/7/2020,5,0,4,1193
Jharkhand,5/9/2020,2,0,37,1413
Jharkhand,5/12/2020,11,0,1,1614
Jharkhand,5/13/2020,5,0,8,2954
Jharkhand,5/15/2020,8,0,10,1447
Jharkhand,5/16/2020,6,0,16,1789
Jharkhand,5/18/2020,5,0,14,2139
Jharkhand,5/20/2020,42,0,2,1813
Jharkhand,5/21/2020,13,0,7,2534
Jharkhand,5/23/2020,27,0,5,1797
Jharkhand,5/24/2020,20,1,7,2856
Jharkhand,5/26/2020,21,0,5,2600
Jharkhand,5/29/2020,82,1,63,2202
Jharkhand,5/30/2020,73,0,40,3464
Jharkhand,6/1/2020,26,0,40,3301
Jharkhand,6/3/2020,42,0,1,3203
Jharkhand,6/4/2020,63,1,69,3142
Jharkhand,6/5/2020,95,1,69,2456
Jharkhand,6/6/2020,106,0,38,4347
Jharkhand,6/7/2020,75,0,17,3277
Jharkhand,6/8/2020,187,0,29,4604
Jharkhand,6/9/2020,126,1,40,2774
Jharkhand,6/10/2020,135,0,33,401
Jharkhand,6/11/2020,48,0,38,4431
Jharkhand,6/12/2020,57,0,55,2161
Jammu and Kashmir,3/9/2020,1,0,0,0
Jammu and Kashmir,3/13/2020,1,0,0,0
Jammu and Kashmir,3/16/2020,1,0,0,0
Jammu and Kashmir,3/18/2020,1,0,0,0
Jammu and Kashmir,3/24/2020,2,0,0,0
Jammu and Kashmir,3/25/2020,5,0,0,0
Jammu and Kashmir,3/26/2020,3,0,0,0
Jammu and Kashmir,3/27/2020,6,0,0,0
Jammu and Kashmir,3/28/2020,13,0,0,0
Jammu and Kashmir,3/29/2020,5,1,1,0
Jammu and Kashmir,3/31/2020,6,1,0,0
Jammu and Kashmir,4/1/2020,7,0,1,0
Jammu and Kashmir,4/2/2020,8,0,1,0
Jammu and Kashmir,4/5/2020,14,0,1,1551
Jammu and Kashmir,4/13/2020,25,0,10,465
Jammu and Kashmir,4/14/2020,8,0,14,554
Jammu and Kashmir,4/15/2020,22,0,6,552
Jammu and Kashmir,4/16/2020,14,0,2,509
Jammu and Kashmir,4/17/2020,14,1,4,758
Jammu and Kashmir,4/18/2020,13,0,9,499
Jammu and Kashmir,4/19/2020,13,0,5,958
Jammu and Kashmir,4/20/2020,14,0,15,717
Jammu and Kashmir,4/21/2020,12,0,10,608
Jammu and Kashmir,4/22/2020,27,0,11,819
Jammu and Kashmir,4/24/2020,20,0,17,787
Jammu and Kashmir,4/25/2020,40,1,3,1071
Jammu and Kashmir,4/26/2020,29,0,25,1124
Jammu and Kashmir,4/27/2020,23,1,27,1029
Jammu and Kashmir,4/28/2020,19,1,12,1631
Jammu and Kashmir,4/29/2020,16,0,16,1831
Jammu and Kashmir,4/30/2020,33,0,24,1296
Jammu and Kashmir,5/1/2020,25,0,31,1949
Jammu and Kashmir,5/2/2020,27,0,7,1711
Jammu and Kashmir,5/3/2020,35,0,33,2632
Jammu and Kashmir,5/4/2020,25,0,16,2161
Jammu and Kashmir,5/5/2020,15,0,17,3113
Jammu and Kashmir,5/6/2020,34,0,2,2965
Jammu and Kashmir,5/7/2020,18,1,13,3429
Jammu and Kashmir,5/8/2020,30,0,29,4721
Jammu and Kashmir,5/9/2020,13,0,4,2326
Jammu and Kashmir,5/10/2020,25,0,15,2327
Jammu and Kashmir,5/11/2020,18,1,44,4254
Jammu and Kashmir,5/12/2020,55,0,28,2392
Jammu and Kashmir,5/13/2020,37,1,11,3385
Jammu and Kashmir,5/14/2020,12,0,19,6404
Jammu and Kashmir,5/15/2020,30,0,28,6791
Jammu and Kashmir,5/16/2020,108,1,29,5885
Jammu and Kashmir,5/17/2020,62,1,33,4743
Jammu and Kashmir,5/18/2020,106,2,34,7667
Jammu and Kashmir,5/19/2020,28,2,38,8225
Jammu and Kashmir,5/20/2020,73,1,31,5124
Jammu and Kashmir,5/21/2020,59,2,6,5158
Jammu and Kashmir,5/22/2020,40,0,36,7751
Jammu and Kashmir,5/23/2020,80,1,54,9215
Jammu and Kashmir,5/24/2020,52,0,35,6359
Jammu and Kashmir,5/25/2020,47,2,0,3755
Jammu and Kashmir,5/26/2020,91,1,24,6774
Jammu and Kashmir,5/27/2020,162,2,21,4200
Jammu and Kashmir,5/28/2020,115,1,5,8360
Jammu and Kashmir,5/29/2020,128,1,16,5207
Jammu and Kashmir,5/30/2020,177,0,33,5852
Jammu and Kashmir,5/31/2020,105,0,19,6464
Jammu and Kashmir,6/1/2020,155,3,19,5264
Jammu and Kashmir,6/2/2020,117,2,7,6758
Jammu and Kashmir,6/3/2020,139,1,54,6297
Jammu and Kashmir,6/4/2020,285,1,41,6313
Jammu and Kashmir,6/5/2020,182,1,38,6580
Jammu and Kashmir,6/6/2020,143,3,40,9623
Jammu and Kashmir,6/7/2020,620,2,90,6601
Jammu and Kashmir,6/8/2020,198,4,108,9425
Jammu and Kashmir,6/9/2020,61,3,182,7910
Jammu and Kashmir,6/10/2020,161,3,165,6075
Jammu and Kashmir,6/11/2020,67,1,149,5376
Jammu and Kashmir,6/12/2020,156,1,266,6792
Karnataka,3/9/2020,1,0,0,0
Karnataka,3/10/2020,3,0,0,0
Karnataka,3/12/2020,1,0,0,0
Karnataka,3/13/2020,1,1,0,0
Karnataka,3/24/2020,8,0,2,0
Karnataka,3/26/2020,4,1,0,0
Karnataka,3/27/2020,9,1,2,0
Karnataka,3/30/2020,5,0,1,0
Karnataka,3/31/2020,13,0,2,0
Karnataka,4/1/2020,9,0,1,0
Karnataka,4/2/2020,14,0,2,0
Karnataka,4/3/2020,4,1,0,4587
Karnataka,4/7/2020,12,0,5,1993
Karnataka,4/8/2020,6,1,3,387
Karnataka,4/9/2020,16,1,2,646
Karnataka,4/10/2020,10,0,4,362
Karnataka,4/11/2020,8,0,5,585
Karnataka,4/12/2020,17,0,15,691
Karnataka,4/13/2020,15,2,6,766
Karnataka,4/14/2020,13,2,11,1090
Karnataka,4/15/2020,19,2,9,1376
Karnataka,4/16/2020,36,1,2,1241
Karnataka,4/17/2020,44,0,6,3870
Karnataka,4/18/2020,25,1,16,1592
Karnataka,4/19/2020,6,2,7,2181
Karnataka,4/20/2020,18,0,1,2093
Karnataka,4/21/2020,10,1,17,2773
Karnataka,4/22/2020,9,0,2,3279
Karnataka,4/23/2020,18,0,14,2610
Karnataka,4/24/2020,29,1,7,3836
Karnataka,4/25/2020,26,0,6,3125
Karnataka,4/26/2020,3,1,24,3881
Karnataka,4/27/2020,9,1,11,2721
Karnataka,4/28/2020,11,0,14,4827
Karnataka,4/29/2020,12,1,9,4892
Karnataka,4/30/2020,30,1,13,4752
Karnataka,5/1/2020,24,0,22,4742
Karnataka,5/2/2020,12,3,20,4832
Karnataka,5/3/2020,13,0,22,5168
Karnataka,5/4/2020,37,2,28,4295
Karnataka,5/5/2020,22,2,10,4613
Karnataka,5/6/2020,20,0,23,4971
Karnataka,5/7/2020,12,1,12,4758
Karnataka,5/8/2020,48,0,10,4546
Karnataka,5/9/2020,41,0,10,5017
Karnataka,5/10/2020,54,1,36,4213
Karnataka,5/11/2020,14,0,4,4284
Karnataka,5/12/2020,63,0,7,4938
Karnataka,5/13/2020,34,2,18,4645
Karnataka,5/14/2020,28,2,9,7195
Karnataka,5/15/2020,69,1,20,5351
Karnataka,5/16/2020,36,0,16,6300
Karnataka,5/17/2020,55,1,13,5374
Karnataka,5/18/2020,99,0,21,6265
Karnataka,5/19/2020,149,3,13,6936
Karnataka,5/20/2020,67,1,13,8182
Karnataka,5/21/2020,143,0,15,7516
Karnataka,5/22/2020,138,0,26,12229
Karnataka,5/23/2020,216,1,11,9670
Karnataka,5/24/2020,130,0,46,10117
Karnataka,5/25/2020,93,2,51,13581
Karnataka,5/26/2020,101,0,59,9020
Karnataka,5/27/2020,135,3,17,12694
Karnataka,5/28/2020,115,0,53,10470
Karnataka,5/29/2020,248,1,60,12411
Karnataka,5/30/2020,141,1,103,15728
Karnataka,5/31/2020,299,2,221,13358
Karnataka,6/1/2020,187,1,100,11241
Karnataka,6/2/2020,388,0,75,14812
Karnataka,6/3/2020,267,1,111,15197
Karnataka,6/4/2020,257,4,106,12268
Karnataka,6/5/2020,515,0,83,13627
Karnataka,6/6/2020,378,2,280,11862
Karnataka,6/7/2020,239,2,159,11860
Karnataka,6/8/2020,308,3,309,8779
Karnataka,6/9/2020,161,2,164,7036
Karnataka,6/10/2020,120,3,257,8249
Karnataka,6/11/2020,204,3,114,8000
Karnataka,6/12/2020,271,7,464,9835
Kerala,1/30/2020,1,0,0,0
Kerala,2/2/2020,1,0,0,0
Kerala,2/3/2020,1,0,0,0
Kerala,3/8/2020,5,0,0,0
Kerala,3/9/2020,1,0,0,0
Kerala,3/10/2020,8,0,0,0
Kerala,3/12/2020,2,0,0,0
Kerala,3/13/2020,3,0,0,0
Kerala,3/15/2020,2,0,0,0
Kerala,3/16/2020,3,0,0,0
Kerala,3/19/2020,1,0,0,0
Kerala,3/20/2020,12,0,0,0
Kerala,3/21/2020,12,0,0,0
Kerala,3/22/2020,15,0,0,0
Kerala,3/23/2020,28,0,0,0
Kerala,3/24/2020,14,0,0,0
Kerala,3/25/2020,9,0,0,0
Kerala,3/26/2020,19,0,0,0
Kerala,3/27/2020,39,0,0,0
Kerala,3/28/2020,6,0,0,0
Kerala,3/29/2020,20,1,20,0
Kerala,3/31/2020,7,1,4,0
Kerala,4/1/2020,24,0,2,7965
Kerala,4/2/2020,21,0,2,491
Kerala,4/3/2020,9,0,14,683
Kerala,4/4/2020,11,0,8,605
Kerala,4/5/2020,8,0,6,477
Kerala,4/6/2020,13,0,3,495
Kerala,4/7/2020,9,0,12,516
Kerala,4/8/2020,9,0,13,754
Kerala,4/9/2020,12,0,13,724
Kerala,4/10/2020,7,0,27,629
Kerala,4/11/2020,10,1,19,824
Kerala,4/12/2020,2,0,36,826
Kerala,4/13/2020,3,0,19,694
Kerala,4/14/2020,8,0,13,552
Kerala,4/15/2020,1,0,7,240
Kerala,4/16/2020,7,0,27,925
Kerala,4/17/2020,1,0,10,629
Kerala,4/18/2020,4,0,2,745
Kerala,4/19/2020,2,0,13,577
Kerala,4/20/2020,6,0,21,405
Kerala,4/21/2020,19,0,16,496
Kerala,4/22/2020,11,0,1,569
Kerala,4/23/2020,10,0,8,513
Kerala,4/24/2020,3,1,15,606
Kerala,4/25/2020,7,0,7,420
Kerala,4/26/2020,11,0,4,594
Kerala,4/27/2020,13,0,13,1192
Kerala,4/28/2020,4,0,4,709
Kerala,4/29/2020,10,0,10,972
Kerala,4/30/2020,2,0,14,1654
Kerala,5/2/2020,2,0,8,4264
Kerala,5/8/2020,1,0,10,1060
Kerala,5/9/2020,2,0,1,857
Kerala,5/10/2020,7,0,4,1156
Kerala,5/13/2020,10,0,1,1187
Kerala,5/14/2020,26,0,3,1391
Kerala,5/16/2020,11,0,4,1602
Kerala,5/20/2020,24,0,5,2045
Kerala,5/21/2020,24,0,8,1740
Kerala,5/22/2020,42,1,2,2009
Kerala,5/23/2020,62,0,3,2061
Kerala,5/24/2020,53,1,5,1457
Kerala,5/25/2020,49,0,12,1109
Kerala,5/26/2020,67,1,10,2294
Kerala,5/27/2020,40,0,10,2658
Kerala,5/28/2020,85,1,3,2661
Kerala,5/29/2020,62,1,10,3592
Kerala,5/30/2020,58,1,10,3043
Kerala,5/31/2020,61,0,15,251
Kerala,6/1/2020,57,1,18,4941
Kerala,6/2/2020,86,1,19,3720
Kerala,6/3/2020,82,0,24,9179
Kerala,6/4/2020,94,3,39,4344
Kerala,6/5/2020,111,0,22,4353
Kerala,6/6/2020,108,1,50,3751
Kerala,6/7/2020,107,0,41,4134
Kerala,6/8/2020,91,1,11,2026
Kerala,6/9/2020,91,0,34,12132
Kerala,6/10/2020,65,1,57,4918
Kerala,6/11/2020,83,1,62,4968
Kerala,6/12/2020,78,1,32,4483
Ladakh,3/7/2020,2,0,0,0
Ladakh,3/11/2020,1,0,0,0
Ladakh,3/17/2020,5,0,0,0
Ladakh,3/20/2020,2,0,0,0
Ladakh,3/21/2020,3,0,0,0
Ladakh,4/10/2020,1,0,1,0
Ladakh,4/13/2020,2,0,1,618
Ladakh,4/15/2020,1,0,0,60
Ladakh,4/16/2020,0,0,2,97
Ladakh,4/29/2020,0,0,1,812
Ladakh,5/2/2020,1,0,0,4
Ladakh,5/13/2020,1,0,0,180
Ladakh,5/18/2020,0,0,19,152
Ladakh,5/22/2020,2,0,0,214
Ladakh,5/23/2020,3,0,0,222
Ladakh,5/24/2020,3,0,0,3
Ladakh,5/25/2020,1,0,0,166
Ladakh,5/30/2020,3,0,0,1458
Ladakh,6/2/2020,4,1,0,956
Ladakh,6/6/2020,2,0,2,410
Ladakh,6/11/2020,20,0,4,606
Ladakh,6/12/2020,104,0,8,131
Maharashtra,3/9/2020,2,0,0,0
Maharashtra,3/10/2020,3,0,0,0
Maharashtra,3/11/2020,6,0,0,0
Maharashtra,3/12/2020,3,0,0,0
Maharashtra,3/13/2020,3,0,0,0
Maharashtra,3/14/2020,9,0,0,0
Maharashtra,3/15/2020,6,0,0,0
Maharashtra,3/16/2020,7,0,0,0
Maharashtra,3/17/2020,2,0,0,0
Maharashtra,3/18/2020,4,0,0,0
Maharashtra,3/19/2020,3,0,0,0
Maharashtra,3/20/2020,4,0,0,0
Maharashtra,3/21/2020,12,0,0,0
Maharashtra,3/22/2020,10,0,0,0
Maharashtra,3/23/2020,15,0,0,0
Maharashtra,3/24/2020,18,0,0,0
Maharashtra,3/25/2020,15,0,0,0
Maharashtra,3/26/2020,3,0,0,0
Maharashtra,3/27/2020,28,0,0,0
Maharashtra,3/28/2020,28,0,0,0
Maharashtra,3/29/2020,22,8,25,0
Maharashtra,3/30/2020,17,2,14,0
Maharashtra,3/31/2020,82,1,0,0
Maharashtra,4/1/2020,33,5,0,0
Maharashtra,4/2/2020,88,5,3,0
Maharashtra,4/3/2020,64,5,8,0
Maharashtra,4/4/2020,148,6,2,0
Maharashtra,4/5/2020,112,13,4,16008
Maharashtra,4/6/2020,121,7,14,1555
Maharashtra,4/7/2020,150,12,9,3314
Maharashtra,4/8/2020,117,8,38,0
Maharashtra,4/9/2020,229,25,8,0
Maharashtra,4/10/2020,210,13,63,9123
Maharashtra,4/11/2020,187,17,20,1841
Maharashtra,4/12/2020,221,22,9,3827
Maharashtra,4/13/2020,352,11,12,4057
Maharashtra,4/14/2020,346,18,30,1346
Maharashtra,4/15/2020,236,9,36,4071
Maharashtra,4/16/2020,285,7,5,5740
Maharashtra,4/17/2020,120,7,31,4796
Maharashtra,4/18/2020,327,10,34,4488
Maharashtra,4/19/2020,552,12,142,6630
Maharashtra,4/20/2020,466,9,65,4525
Maharashtra,4/21/2020,552,19,150,4517
Maharashtra,4/22/2020,431,18,67,6466
Maharashtra,4/23/2020,778,14,51,6893
Maharashtra,4/24/2020,390,18,117,6013
Maharashtra,4/25/2020,811,22,119,5702
Maharashtra,4/26/2020,440,19,112,7067
Maharashtra,4/27/2020,522,27,94,7168
Maharashtra,4/28/2020,728,31,106,5473
Maharashtra,4/29/2020,597,32,205,8106
Maharashtra,4/30/2020,583,27,180,6968
Maharashtra,5/1/2020,1008,26,106,8465
Maharashtra,5/2/2020,790,36,121,6926
Maharashtra,5/3/2020,678,27,115,8669
Maharashtra,5/4/2020,1567,35,350,8620
Maharashtra,5/5/2020,984,34,354,6949
Maharashtra,5/6/2020,1233,34,275,6423
Maharashtra,5/7/2020,1216,43,207,7474
Maharashtra,5/8/2020,1089,37,169,11257
Maharashtra,5/9/2020,1165,48,330,9697
Maharashtra,5/10/2020,1943,53,399,15350
Maharashtra,5/11/2020,1230,36,587,-6610
Maharashtra,5/12/2020,1026,53,339,3370
Maharashtra,5/13/2020,1495,54,422,8777
Maharashtra,5/14/2020,1602,44,542,9421
Maharashtra,5/15/2020,1576,49,475,10416
Maharashtra,5/16/2020,1606,67,524,10917
Maharashtra,5/17/2020,2347,63,600,12225
Maharashtra,5/18/2020,2005,51,749,8397
Maharashtra,5/19/2020,2078,76,1202,11835
Maharashtra,5/20/2020,2161,65,679,13263
Maharashtra,5/21/2020,2345,64,1408,12386
Maharashtra,5/22/2020,2940,63,857,13166
Maharashtra,5/23/2020,2608,60,821,15845
Maharashtra,5/24/2020,3041,58,1196,14538
Maharashtra,5/25/2020,2436,60,1186,15715
Maharashtra,5/26/2020,2091,97,1168,11572
Maharashtra,5/27/2020,2190,105,964,14263
Maharashtra,5/28/2020,2598,85,698,15453
Maharashtra,5/29/2020,2682,116,8381,14092
Maharashtra,5/30/2020,2940,99,1084,14096
Maharashtra,5/31/2020,2487,89,1248,14516
Maharashtra,6/1/2020,2358,76,779,9167
Maharashtra,6/2/2020,2287,103,1225,12440
Maharashtra,6/3/2020,2560,122,996,13793
Maharashtra,6/4/2020,2933,123,1352,12559
Maharashtra,6/5/2020,2436,139,1466,12866
Maharashtra,6/6/2020,2739,120,2243,14007
Maharashtra,6/7/2020,3007,91,1924,15054
Maharashtra,6/8/2020,2554,109,1661,12227
Maharashtra,6/9/2020,2258,120,1664,14004
Maharashtra,6/10/2020,3254,149,1877,15988
Maharashtra,6/11/2020,3607,152,1562,15508
Maharashtra,6/12/2020,3493,127,1718,15731
Meghalaya,4/13/2020,1,0,0,0
Meghalaya,4/15/2020,6,1,0,0
Meghalaya,4/16/2020,2,0,0,552
Meghalaya,4/18/2020,2,0,0,121
Meghalaya,4/21/2020,1,0,0,95
Meghalaya,6/3/2020,3,0,1,291
Manipur,3/24/2020,1,0,0,0
Manipur,4/2/2020,1,0,0,0
Manipur,5/16/2020,4,0,0,101
Manipur,5/20/2020,16,0,0,604
Manipur,5/22/2020,1,0,0,634
Manipur,5/23/2020,3,0,0,373
Manipur,5/24/2020,3,0,2,0
Manipur,5/25/2020,4,0,0,947
Manipur,5/26/2020,3,0,0,1192
Manipur,5/27/2020,5,0,0,603
Manipur,5/28/2020,11,0,0,922
Manipur,5/29/2020,4,0,2,838
Manipur,5/31/2020,11,0,5,0
Manipur,6/2/2020,6,0,3,0
Manipur,6/3/2020,19,0,24,3858
Manipur,6/5/2020,8,0,0,2175
Manipur,6/6/2020,25,0,14,0
Manipur,6/7/2020,15,0,0,2399
Manipur,6/8/2020,100,0,6,0
Manipur,6/9/2020,32,0,6,1584
Manipur,6/10/2020,7,0,0,1144
Manipur,6/11/2020,55,0,9,772
Madhya Pradesh,3/20/2020,4,0,0,0
Madhya Pradesh,3/22/2020,2,0,0,0
Madhya Pradesh,3/24/2020,1,0,0,0
Madhya Pradesh,3/25/2020,8,0,0,0
Madhya Pradesh,3/26/2020,5,0,0,0
Madhya Pradesh,3/27/2020,9,0,0,0
Madhya Pradesh,3/28/2020,10,0,0,0
Madhya Pradesh,3/30/2020,8,2,0,0
Madhya Pradesh,3/31/2020,19,1,0,0
Madhya Pradesh,4/1/2020,32,1,0,0
Madhya Pradesh,4/2/2020,9,2,0,0
Madhya Pradesh,4/4/2020,25,3,0,0
Madhya Pradesh,4/5/2020,14,2,3,2812
Madhya Pradesh,4/6/2020,63,2,8,0
Madhya Pradesh,4/7/2020,34,6,10,958
Madhya Pradesh,4/8/2020,51,3,4,286
Madhya Pradesh,4/9/2020,70,9,0,1079
Madhya Pradesh,4/10/2020,40,3,12,1914
Madhya Pradesh,4/11/2020,78,4,1,1467
Madhya Pradesh,4/12/2020,33,3,3,1965
Madhya Pradesh,4/13/2020,52,7,10,0
Madhya Pradesh,4/14/2020,127,3,13,-2376
Madhya Pradesh,4/16/2020,226,2,6,3896
Madhya Pradesh,4/17/2020,146,14,0,1810
Madhya Pradesh,4/18/2020,92,0,57,-324
Madhya Pradesh,4/19/2020,5,3,4,2857
Madhya Pradesh,4/20/2020,78,4,7,1307
Madhya Pradesh,4/21/2020,67,4,10,1763
Madhya Pradesh,4/22/2020,35,0,4,1759
Madhya Pradesh,4/23/2020,100,3,51,1884
Madhya Pradesh,4/24/2020,159,9,7,1685
Madhya Pradesh,4/25/2020,99,7,71,1633
Madhya Pradesh,4/26/2020,145,4,21,-2634
Madhya Pradesh,4/27/2020,75,7,55,1777
Madhya Pradesh,4/28/2020,222,10,16,4051
Madhya Pradesh,4/29/2020,173,10,88,2777
Madhya Pradesh,4/30/2020,65,7,21,7875
Madhya Pradesh,5/1/2020,90,8,42,2404
Madhya Pradesh,5/2/2020,73,6,100,2462
Madhya Pradesh,5/3/2020,49,5,174,2608
Madhya Pradesh,5/4/2020,105,9,58,2909
Madhya Pradesh,5/5/2020,107,11,144,2500
Madhya Pradesh,5/6/2020,89,9,99,0
Madhya Pradesh,5/7/2020,114,8,132,6425
Madhya Pradesh,5/8/2020,89,7,118,2685
Madhya Pradesh,5/9/2020,116,11,131,4305
Madhya Pradesh,5/10/2020,157,4,196,4059
Madhya Pradesh,5/11/2020,171,6,71,3970
Madhya Pradesh,5/12/2020,201,4,113,4846
Madhya Pradesh,5/13/2020,187,7,144,5018
Madhya Pradesh,5/14/2020,253,5,167,3857
Madhya Pradesh,5/15/2020,169,2,112,4089
Madhya Pradesh,5/16/2020,195,4,32,5828
Madhya Pradesh,5/17/2020,187,5,88,4221
Madhya Pradesh,5/18/2020,259,4,32,8270
Madhya Pradesh,5/19/2020,229,6,196,4305
Madhya Pradesh,5/20/2020,270,9,103,4264
Madhya Pradesh,5/21/2020,246,4,110,4871
Madhya Pradesh,5/22/2020,189,1,245,3452
Madhya Pradesh,5/23/2020,201,9,178,3709
Madhya Pradesh,5/24/2020,294,9,141,3120
Madhya Pradesh,5/25/2020,194,10,163,2695
Madhya Pradesh,5/26/2020,165,5,118,2924
Madhya Pradesh,5/27/2020,237,8,238,4636
Madhya Pradesh,5/28/2020,192,8,123,5038
Madhya Pradesh,5/29/2020,192,13,219,4254
Madhya Pradesh,5/30/2020,246,9,175,6116
Madhya Pradesh,5/31/2020,198,7,398,6256
Madhya Pradesh,6/1/2020,194,8,161,4211
Madhya Pradesh,6/2/2020,137,6,218,5462
Madhya Pradesh,6/3/2020,168,7,224,6181
Madhya Pradesh,6/4/2020,174,6,192,5590
Madhya Pradesh,6/5/2020,234,7,241,5997
Madhya Pradesh,6/6/2020,232,15,230,5664
Madhya Pradesh,6/7/2020,173,13,223,7601
Madhya Pradesh,6/8/2020,237,2,205,6680
Madhya Pradesh,6/9/2020,211,6,193,5742
Madhya Pradesh,6/10/2020,200,7,163,7106
Madhya Pradesh,6/11/2020,192,4,150,5698
Madhya Pradesh,6/12/2020,202,9,159,7721
Mizoram,3/25/2020,1,0,0,0
Mizoram,5/5/2020,0,0,1,5
Mizoram,6/2/2020,12,0,0,116
Mizoram,6/3/2020,1,0,0,83
Mizoram,6/4/2020,3,0,0,251
Mizoram,6/5/2020,7,0,0,341
Mizoram,6/7/2020,10,0,0,261
Mizoram,6/8/2020,8,0,0,244
Mizoram,6/9/2020,46,0,0,251
Mizoram,6/11/2020,9,0,0,405
Nagaland,4/6/2020,0,0,0,60
Nagaland,4/10/2020,0,0,0,10
Nagaland,4/12/2020,0,0,0,4
Nagaland,4/14/2020,0,0,0,100
Nagaland,4/15/2020,0,0,0,10
Nagaland,4/17/2020,0,0,0,90
Nagaland,4/18/2020,0,0,0,118
Nagaland,4/19/2020,0,0,0,12
Nagaland,4/20/2020,0,0,0,30
Nagaland,4/21/2020,0,0,0,103
Nagaland,4/22/2020,0,0,0,6
Nagaland,4/23/2020,0,0,0,64
Nagaland,4/25/2020,0,0,0,6
Nagaland,4/27/2020,0,0,0,16
Nagaland,4/28/2020,0,0,0,10
Nagaland,4/29/2020,0,0,0,5
Nagaland,4/30/2020,0,0,0,9
Nagaland,5/1/2020,0,0,0,11
Nagaland,5/2/2020,0,0,0,10
Nagaland,5/3/2020,0,0,0,10
Nagaland,5/4/2020,0,0,0,24
Nagaland,5/5/2020,0,0,0,16
Nagaland,5/6/2020,0,0,0,39
Nagaland,5/7/2020,0,0,0,23
Nagaland,5/8/2020,0,0,0,19
Nagaland,5/9/2020,0,0,0,43
Nagaland,5/10/2020,0,0,0,14
Nagaland,5/11/2020,0,0,0,13
Nagaland,5/12/2020,0,0,0,7
Nagaland,5/13/2020,0,0,0,7
Nagaland,5/14/2020,0,0,0,2
Nagaland,5/15/2020,0,0,0,19
Nagaland,5/16/2020,0,0,0,7
Nagaland,5/17/2020,0,0,0,35
Nagaland,5/18/2020,0,0,0,9
Nagaland,5/19/2020,0,0,0,17
Nagaland,5/20/2020,0,0,0,7
Nagaland,5/21/2020,0,0,0,16
Nagaland,5/22/2020,0,0,0,34
Nagaland,5/23/2020,0,0,0,30
Nagaland,5/24/2020,0,0,0,32
Nagaland,5/25/2020,3,0,0,269
Nagaland,5/27/2020,5,0,0,188
Nagaland,5/28/2020,9,0,0,211
Nagaland,5/29/2020,7,0,0,232
Nagaland,5/30/2020,11,0,0,213
Nagaland,5/31/2020,7,0,0,366
Nagaland,6/2/2020,6,0,0,387
Nagaland,6/3/2020,9,0,0,157
Nagaland,6/4/2020,22,0,0,325
Nagaland,6/5/2020,27,0,0,235
Nagaland,6/6/2020,0,0,8,87
Nagaland,6/7/2020,9,0,0,310
Nagaland,6/8/2020,6,0,0,358
Nagaland,6/9/2020,5,0,2,167
Nagaland,6/10/2020,1,0,12,324
Nagaland,6/11/2020,2,0,7,447
Nagaland,6/12/2020,26,0,28,437
Odisha,3/16/2020,1,0,0,0
Odisha,3/19/2020,1,0,0,0
Odisha,3/26/2020,1,0,0,0
Odisha,3/31/2020,1,0,0,0
Odisha,4/1/2020,1,0,1,0
Odisha,4/3/2020,15,0,1,1395
Odisha,4/7/2020,2,1,0,1046
Odisha,4/10/2020,2,0,10,298
Odisha,4/13/2020,1,0,6,308
Odisha,4/18/2020,1,0,3,1042
Odisha,4/21/2020,5,0,6,1107
Odisha,4/22/2020,4,0,2,2027
Odisha,4/23/2020,6,0,1,2209
Odisha,4/25/2020,6,0,1,2141
Odisha,4/26/2020,3,0,1,2217
Odisha,4/27/2020,15,0,2,2287
Odisha,4/29/2020,7,0,1,2421
Odisha,4/30/2020,18,0,2,2588
Odisha,5/1/2020,11,0,14,2437
Odisha,5/2/2020,6,0,1,2460
Odisha,5/3/2020,2,0,4,2065
Odisha,5/5/2020,8,1,0,3535
Odisha,5/6/2020,28,0,1,2791
Odisha,5/7/2020,14,0,1,3060
Odisha,5/8/2020,51,0,1,2460
Odisha,5/9/2020,82,1,5,3348
Odisha,5/11/2020,38,0,17,3698
Odisha,5/12/2020,22,0,31,4579
Odisha,5/13/2020,101,0,27,4699
Odisha,5/14/2020,134,0,15,4394
Odisha,5/15/2020,65,0,8,4769
Odisha,5/17/2020,91,1,24,5083
Odisha,5/18/2020,48,0,57,4543
Odisha,5/19/2020,102,1,30,4536
Odisha,5/20/2020,74,1,36,5612
Odisha,5/21/2020,51,1,50,2518
Odisha,5/22/2020,86,0,43,5005
Odisha,5/23/2020,80,0,61,5009
Odisha,5/24/2020,67,0,53,5388
Odisha,5/25/2020,102,0,99,3942
Odisha,5/26/2020,79,0,84,3819
Odisha,5/27/2020,76,0,79,4679
Odisha,5/28/2020,67,0,75,3037
Odisha,5/29/2020,63,2,90,4259
Odisha,5/30/2020,96,0,73,3920
Odisha,5/31/2020,129,0,76,4641
Odisha,6/1/2020,156,0,119,3559
Odisha,6/2/2020,141,0,80,3877
Odisha,6/3/2020,143,0,91,3324
Odisha,6/4/2020,90,0,65,2933
Odisha,6/5/2020,130,1,123,3186
Odisha,6/6/2020,173,0,112,3588
Odisha,6/7/2020,75,1,178,3500
Odisha,6/8/2020,138,0,99,3317
Odisha,6/9/2020,146,0,140,2969
Odisha,6/10/2020,110,0,149,3017
Odisha,6/11/2020,136,1,72,9
Odisha,6/12/2020,112,1,120,7166
Punjab,3/9/2020,1,0,0,0
Punjab,3/19/2020,1,0,0,0
Punjab,3/20/2020,1,0,0,0
Punjab,3/21/2020,10,0,0,0
Punjab,3/22/2020,8,0,0,0
Punjab,3/23/2020,2,0,0,0
Punjab,3/24/2020,6,0,0,0
Punjab,3/25/2020,2,0,0,0
Punjab,3/26/2020,2,0,0,0
Punjab,3/27/2020,5,0,0,0
Punjab,3/29/2020,0,1,1,0
Punjab,3/30/2020,3,2,0,0
Punjab,3/31/2020,1,1,0,0
Punjab,4/2/2020,1,1,0,1434
Punjab,4/5/2020,3,2,1,0
Punjab,4/7/2020,20,1,10,0
Punjab,4/8/2020,7,1,0,1503
Punjab,4/9/2020,24,1,4,255
Punjab,4/10/2020,21,1,2,269
Punjab,4/11/2020,7,1,0,448
Punjab,4/12/2020,12,0,3,372
Punjab,4/13/2020,6,0,2,199
Punjab,4/14/2020,8,1,2,364
Punjab,4/16/2020,11,1,2,331
Punjab,4/17/2020,14,0,1,464
Punjab,4/18/2020,23,2,1,179
Punjab,4/19/2020,10,0,6,440
Punjab,4/20/2020,1,0,1,190
Punjab,4/21/2020,6,0,11,558
Punjab,4/22/2020,27,0,4,532
Punjab,4/23/2020,5,1,13,870
Punjab,4/24/2020,15,0,4,1854
Punjab,4/25/2020,10,0,2,2659
Punjab,4/26/2020,14,1,12,1047
Punjab,4/27/2020,8,1,14,1199
Punjab,4/28/2020,12,0,3,1505
Punjab,4/30/2020,105,1,3,2535
Punjab,5/1/2020,105,0,4,1971
Punjab,5/2/2020,187,0,4,1692
Punjab,5/3/2020,330,1,5,1571
Punjab,5/4/2020,130,2,11,2106
Punjab,5/5/2020,219,2,5,1654
Punjab,5/6/2020,75,2,2,1861
Punjab,5/7/2020,118,1,14,2641
Punjab,5/8/2020,87,1,3,3249
Punjab,5/9/2020,31,2,5,1512
Punjab,5/10/2020,61,0,9,1500
Punjab,5/11/2020,54,0,2,1344
Punjab,5/12/2020,37,1,3,1693
Punjab,5/13/2020,10,0,29,2027
Punjab,5/14/2020,11,0,23,1382
Punjab,5/15/2020,-3,0,82,1893
Punjab,5/16/2020,14,0,952,1312
Punjab,5/17/2020,18,3,109,1199
Punjab,5/18/2020,16,2,181,1143
Punjab,5/19/2020,22,1,95,2679
Punjab,5/20/2020,3,0,152,2103
Punjab,5/21/2020,23,1,25,1881
Punjab,5/22/2020,1,0,28,2781
Punjab,5/23/2020,16,0,23,1168
Punjab,5/24/2020,15,1,28,2575
Punjab,5/25/2020,21,0,15,1071
Punjab,5/26/2020,25,0,5,2605
Punjab,5/29/2020,39,2,3,8553
Punjab,5/30/2020,36,2,18,3476
Punjab,5/31/2020,30,1,20,3355
Punjab,6/1/2020,38,-1,13,3261
Punjab,6/2/2020,41,2,17,5216
Punjab,6/3/2020,34,1,12,4707
Punjab,6/4/2020,39,0,14,5897
Punjab,6/5/2020,46,1,26,6609
Punjab,6/6/2020,54,2,23,2432
Punjab,6/7/2020,93,1,14,8292
Punjab,6/8/2020,55,2,22,5555
Punjab,6/9/2020,56,2,39,6522
Punjab,6/10/2020,86,0,65,8124
Punjab,6/11/2020,82,4,27,10031
Punjab,6/12/2020,99,4,23,11050
Puducherry,3/17/2020,1,0,0,0
Puducherry,4/1/2020,2,0,0,0
Puducherry,4/2/2020,2,0,0,0
Puducherry,4/18/2020,0,0,3,1207
Puducherry,4/25/2020,1,0,0,160
Puducherry,4/27/2020,0,0,1,37
Puducherry,5/2/2020,1,0,0,292
Puducherry,5/3/2020,0,0,1,165
Puducherry,5/8/2020,1,0,2,245
Puducherry,5/10/2020,2,0,1,98
Puducherry,5/13/2020,1,0,0,433
Puducherry,5/14/2020,3,0,0,193
Puducherry,5/16/2020,1,0,0,172
Puducherry,5/19/2020,5,0,1,75
Puducherry,5/20/2020,1,0,0,131
Puducherry,5/22/2020,3,0,0,127
Puducherry,5/24/2020,15,0,2,187
Puducherry,5/25/2020,8,0,5,70
Puducherry,5/28/2020,4,0,0,109
Puducherry,5/29/2020,4,0,6,126
Puducherry,5/31/2020,13,0,2,91
Puducherry,6/1/2020,9,0,0,99
Puducherry,6/3/2020,11,0,8,132
Puducherry,6/4/2020,9,0,4,218
Puducherry,6/5/2020,5,0,6,169
Puducherry,6/6/2020,3,0,5,155
Puducherry,6/7/2020,12,0,1,156
Puducherry,6/8/2020,9,0,4,198
Puducherry,6/9/2020,4,0,2,3280
Puducherry,6/10/2020,12,0,5,-2798
Puducherry,6/11/2020,13,2,7,296
Puducherry,6/12/2020,6,1,9,0
Rajasthan,3/3/2020,1,0,0,0
Rajasthan,3/4/2020,1,0,0,0
Rajasthan,3/10/2020,1,0,0,0
Rajasthan,3/14/2020,1,0,0,0
Rajasthan,3/18/2020,3,0,0,0
Rajasthan,3/19/2020,2,0,0,0
Rajasthan,3/20/2020,8,0,0,0
Rajasthan,3/21/2020,7,0,0,0
Rajasthan,3/22/2020,5,0,0,0
Rajasthan,3/23/2020,3,0,0,0
Rajasthan,3/25/2020,6,0,0,0
Rajasthan,3/26/2020,5,0,0,0
Rajasthan,3/27/2020,7,0,0,0
Rajasthan,3/28/2020,4,0,0,0
Rajasthan,3/29/2020,5,0,3,0
Rajasthan,4/4/2020,27,1,22,0
Rajasthan,4/8/2020,40,1,20,0
Rajasthan,4/9/2020,80,0,15,1469
Rajasthan,4/11/2020,139,6,56,2508
Rajasthan,4/12/2020,104,2,5,3648
Rajasthan,4/14/2020,108,0,26,3124
Rajasthan,4/16/2020,55,0,17,2918
Rajasthan,4/17/2020,98,6,19,2069
Rajasthan,4/18/2020,122,4,17,4350
Rajasthan,4/19/2020,127,2,5,4417
Rajasthan,4/20/2020,98,2,0,5676
Rajasthan,4/21/2020,159,1,69,4202
Rajasthan,4/22/2020,153,1,70,4765
Rajasthan,4/23/2020,76,1,107,3507
Rajasthan,4/24/2020,70,4,42,4720
Rajasthan,4/25/2020,49,2,20,4509
Rajasthan,4/26/2020,102,7,116,3949
Rajasthan,4/27/2020,77,9,115,4835
Rajasthan,4/28/2020,102,2,26,4729
Rajasthan,4/29/2020,76,3,44,5284
Rajasthan,4/30/2020,144,3,79,5914
Rajasthan,5/1/2020,82,4,223,4839
Rajasthan,5/2/2020,106,6,126,5391
Rajasthan,5/3/2020,114,3,114,6306
Rajasthan,5/4/2020,175,6,82,9018
Rajasthan,5/5/2020,97,12,87,5729
Rajasthan,5/6/2020,159,4,214,4593
Rajasthan,5/7/2020,110,6,150,5930
Rajasthan,5/8/2020,152,4,122,6735
Rajasthan,5/9/2020,129,3,151,6912
Rajasthan,5/10/2020,106,2,79,7267
Rajasthan,5/11/2020,174,5,83,9706
Rajasthan,5/12/2020,138,4,130,9480
Rajasthan,5/13/2020,202,4,119,9073
Rajasthan,5/14/2020,206,4,65,9560
Rajasthan,5/15/2020,213,0,91,8074
Rajasthan,5/16/2020,213,1,215,9122
Rajasthan,5/17/2020,242,5,111,10507
Rajasthan,5/18/2020,305,7,163,11530
Rajasthan,5/19/2020,338,5,119,11057
Rajasthan,5/20/2020,170,4,67,11022
Rajasthan,5/21/2020,212,4,81,10419
Rajasthan,5/22/2020,267,2,195,11190
Rajasthan,5/23/2020,248,7,106,16771
Rajasthan,5/24/2020,286,3,62,13132
Rajasthan,5/25/2020,272,4,208,10769
Rajasthan,5/26/2020,236,3,220,9323
Rajasthan,5/27/2020,280,3,286,13441
Rajasthan,5/28/2020,251,7,253,14956
Rajasthan,5/29/2020,298,4,429,13759
Rajasthan,5/30/2020,252,9,495,16175
Rajasthan,5/31/2020,214,1,293,14287
Rajasthan,6/1/2020,269,5,181,15407
Rajasthan,6/2/2020,273,4,222,15605
Rajasthan,6/3/2020,279,6,309,13999
Rajasthan,6/4/2020,210,4,360,12341
Rajasthan,6/5/2020,222,5,255,13781
Rajasthan,6/6/2020,253,13,142,13570
Rajasthan,6/7/2020,262,9,253,12304
Rajasthan,6/8/2020,277,6,363,11566
Rajasthan,6/9/2020,369,9,211,11681
Rajasthan,6/10/2020,355,4,241,13281
Rajasthan,6/11/2020,238,6,206,14752
Rajasthan,6/12/2020,230,7,236,13479
Rajasthan,6/13/2020,118,3,164,0
Sikkim,5/4/2020,0,0,0,170
Sikkim,5/5/2020,0,0,0,11
Sikkim,5/6/2020,0,0,0,8
Sikkim,5/7/2020,0,0,0,27
Sikkim,5/9/2020,0,0,0,3
Sikkim,5/12/2020,0,0,0,129
Sikkim,5/13/2020,0,0,0,91
Sikkim,5/14/2020,0,0,0,140
Sikkim,5/15/2020,0,0,0,-231
Sikkim,5/16/2020,0,0,0,492
Sikkim,5/17/2020,0,0,0,107
Sikkim,5/18/2020,0,0,0,140
Sikkim,5/19/2020,0,0,0,117
Sikkim,5/20/2020,0,0,0,138
Sikkim,5/22/2020,0,0,0,295
Sikkim,5/23/2020,1,0,0,70
Sikkim,6/3/2020,1,0,0,314
Sikkim,6/5/2020,1,0,0,403
Sikkim,6/6/2020,4,0,0,244
Sikkim,6/9/2020,6,0,3,268
Sikkim,6/12/2020,50,0,0,-1535
Telangana,3/2/2020,1,0,0,0
Telangana,3/14/2020,1,0,0,0
Telangana,3/15/2020,1,0,0,0
Telangana,3/16/2020,1,0,0,0
Telangana,3/17/2020,1,0,0,0
Telangana,3/18/2020,8,0,0,0
Telangana,3/19/2020,3,0,0,0
Telangana,3/20/2020,3,0,0,0
Telangana,3/21/2020,2,0,0,0
Telangana,3/22/2020,6,0,0,0
Telangana,3/23/2020,6,0,0,0
Telangana,3/24/2020,6,0,0,0
Telangana,3/25/2020,2,0,0,0
Telangana,3/26/2020,4,0,0,0
Telangana,3/27/2020,14,0,0,0
Telangana,3/28/2020,8,0,0,0
Telangana,3/29/2020,3,1,1,0
Telangana,3/30/2020,7,5,13,0
Telangana,4/1/2020,30,3,0,0
Telangana,4/2/2020,27,0,3,0
Telangana,4/3/2020,75,2,15,0
Telangana,4/4/2020,43,0,1,0
Telangana,4/6/2020,30,0,12,0
Telangana,4/9/2020,18,1,0,0
Telangana,4/11/2020,16,2,51,0
Telangana,4/12/2020,28,2,7,0
Telangana,4/13/2020,61,1,0,0
Telangana,4/14/2020,52,1,7,0
Telangana,4/15/2020,6,0,8,0
Telangana,4/16/2020,50,0,68,0
Telangana,4/19/2020,49,3,0,14962
Telangana,4/23/2020,27,1,58,0
Telangana,4/28/2020,6,0,42,4101
Telangana,4/29/2020,7,0,35,215
Telangana,4/30/2020,22,3,33,0
Telangana,5/2/2020,17,1,35,0
Telangana,5/9/2020,31,1,24,0
Telangana,5/12/2020,51,2,21,0
Telangana,5/13/2020,41,2,117,0
Telangana,5/16/2020,55,0,12,4110
Telangana,5/19/2020,42,4,9,0
Telangana,5/20/2020,27,2,2,0
Telangana,5/21/2020,38,5,23,0
Telangana,5/22/2020,62,3,7,0
Telangana,5/23/2020,52,1,25,0
Telangana,5/24/2020,41,4,24,0
Telangana,5/25/2020,66,3,72,0
Telangana,5/26/2020,112,1,120,0
Telangana,5/27/2020,107,6,37,0
Telangana,5/28/2020,117,4,24,0
Telangana,5/29/2020,169,4,36,0
Telangana,5/30/2020,74,6,31,0
Telangana,5/31/2020,199,5,16,0
Telangana,6/1/2020,94,6,63,0
Telangana,6/2/2020,99,4,35,0
Telangana,6/3/2020,129,7,30,0
Telangana,6/4/2020,127,6,31,0
Telangana,6/5/2020,143,8,40,0
Telangana,6/6/2020,206,10,83,0
Telangana,6/7/2020,154,14,32,0
Telangana,6/10/2020,191,8,75,0
Telangana,6/11/2020,209,9,176,0
Telangana,6/12/2020,164,9,285,0
Tamil Nadu,3/7/2020,1,0,0,0
Tamil Nadu,3/18/2020,1,0,0,0
Tamil Nadu,3/19/2020,1,0,0,0
Tamil Nadu,3/21/2020,3,0,0,0
Tamil Nadu,3/22/2020,3,0,0,0
Tamil Nadu,3/23/2020,3,0,0,0
Tamil Nadu,3/24/2020,6,0,0,0
Tamil Nadu,3/25/2020,8,0,0,0
Tamil Nadu,3/26/2020,3,0,0,0
Tamil Nadu,3/27/2020,9,0,0,0
Tamil Nadu,3/28/2020,4,0,0,0
Tamil Nadu,3/29/2020,8,1,4,0
Tamil Nadu,3/31/2020,57,0,2,0
Tamil Nadu,4/4/2020,74,2,2,0
Tamil Nadu,4/6/2020,50,1,5,0
Tamil Nadu,4/7/2020,69,1,6,0
Tamil Nadu,4/8/2020,48,1,2,1621
Tamil Nadu,4/9/2020,96,0,6,1962
Tamil Nadu,4/10/2020,77,1,17,1143
Tamil Nadu,4/11/2020,58,1,0,1432
Tamil Nadu,4/12/2020,106,1,6,813
Tamil Nadu,4/13/2020,98,0,8,2091
Tamil Nadu,4/14/2020,31,1,23,6509
Tamil Nadu,4/15/2020,38,2,37,2739
Tamil Nadu,4/16/2020,25,1,62,4011
Tamil Nadu,4/17/2020,56,0,103,3668
Tamil Nadu,4/18/2020,49,0,82,5363
Tamil Nadu,4/19/2020,105,0,46,5840
Tamil Nadu,4/20/2020,43,2,46,6109
Tamil Nadu,4/21/2020,76,1,178,6060
Tamil Nadu,4/22/2020,33,0,27,5978
Tamil Nadu,4/23/2020,54,2,90,6954
Tamil Nadu,4/24/2020,72,2,114,6426
Tamil Nadu,4/25/2020,66,1,94,7707
Tamil Nadu,4/26/2020,64,1,60,7495
Tamil Nadu,4/27/2020,52,0,54,7176
Tamil Nadu,4/28/2020,121,1,54,7093
Tamil Nadu,4/29/2020,104,2,82,8087
Tamil Nadu,4/30/2020,161,0,48,9787
Tamil Nadu,5/1/2020,203,1,54,9615
Tamil Nadu,5/2/2020,231,1,29,10127
Tamil Nadu,5/3/2020,266,1,38,10617
Tamil Nadu,5/4/2020,527,1,30,12863
Tamil Nadu,5/5/2020,508,2,76,11858
Tamil Nadu,5/6/2020,771,2,31,13413
Tamil Nadu,5/7/2020,580,2,31,14195
Tamil Nadu,5/8/2020,600,3,58,13980
Tamil Nadu,5/9/2020,526,4,219,13254
Tamil Nadu,5/10/2020,669,3,135,13367
Tamil Nadu,5/11/2020,798,6,92,11862
Tamil Nadu,5/12/2020,716,8,83,11788
Tamil Nadu,5/13/2020,509,3,41,12780
Tamil Nadu,5/14/2020,447,2,65,11965
Tamil Nadu,5/15/2020,434,5,359,11672
Tamil Nadu,5/16/2020,477,4,939,10535
Tamil Nadu,5/17/2020,639,4,634,13081
Tamil Nadu,5/18/2020,536,3,234,11121
Tamil Nadu,5/19/2020,688,3,489,10333
Tamil Nadu,5/20/2020,743,3,987,11894
Tamil Nadu,5/21/2020,776,7,400,12464
Tamil Nadu,5/22/2020,786,4,846,12653
Tamil Nadu,5/23/2020,759,5,363,12155
Tamil Nadu,5/24/2020,765,8,833,12275
Tamil Nadu,5/25/2020,805,7,407,11835
Tamil Nadu,5/26/2020,646,11,611,10289
Tamil Nadu,5/27/2020,817,6,567,11231
Tamil Nadu,5/28/2020,827,12,639,12246
Tamil Nadu,5/29/2020,874,9,765,11334
Tamil Nadu,5/30/2020,938,6,687,12605
Tamil Nadu,5/31/2020,1149,13,757,12807
Tamil Nadu,6/1/2020,1162,11,413,11377
Tamil Nadu,6/2/2020,1091,13,536,11094
Tamil Nadu,6/3/2020,1286,8,610,14101
Tamil Nadu,6/4/2020,1384,15,585,16447
Tamil Nadu,6/5/2020,1438,12,861,15692
Tamil Nadu,6/6/2020,1458,19,633,16022
Tamil Nadu,6/7/2020,1515,18,604,16275
Tamil Nadu,6/8/2020,1562,17,528,14982
Tamil Nadu,6/9/2020,1685,18,798,13219
Tamil Nadu,6/10/2020,1927,19,1008,17675
Tamil Nadu,6/11/2020,1875,23,1372,16829
Tamil Nadu,6/12/2020,1982,18,1342,18231
Tripura,4/6/2020,1,0,0,0
Tripura,4/10/2020,1,0,0,0
Tripura,4/15/2020,0,0,1,401
Tripura,5/2/2020,2,0,0,127
Tripura,5/3/2020,12,0,0,207
Tripura,5/4/2020,13,0,0,232
Tripura,5/5/2020,13,0,0,456
Tripura,5/6/2020,22,0,0,378
Tripura,5/7/2020,24,0,0,689
Tripura,5/8/2020,30,0,0,531
Tripura,5/9/2020,17,0,0,892
Tripura,5/10/2020,16,0,0,751
Tripura,5/12/2020,2,0,0,748
Tripura,5/13/2020,1,0,0,802
Tripura,5/14/2020,1,0,27,658
Tripura,5/15/2020,0,0,13,757
Tripura,5/16/2020,11,0,22,617
Tripura,5/17/2020,-2,0,21,572
Tripura,5/18/2020,0,0,4,536
Tripura,5/19/2020,8,0,27,797
Tripura,5/21/2020,2,0,32,1051
Tripura,5/22/2020,0,0,4,848
Tripura,5/23/2020,16,0,0,1016
Tripura,5/24/2020,3,0,13,541
Tripura,5/25/2020,4,0,0,1593
Tripura,5/26/2020,34,0,0,1178
Tripura,5/27/2020,10,0,0,1215
Tripura,5/28/2020,2,0,2,862
Tripura,5/29/2020,10,0,0,1277
Tripura,5/30/2020,17,0,5,973
Tripura,5/31/2020,45,0,1,1099
Tripura,6/1/2020,107,0,0,885
Tripura,6/2/2020,48,0,0,706
Tripura,6/3/2020,151,0,0,1415
Tripura,6/4/2020,24,0,0,657
Tripura,6/5/2020,48,0,0,1162
Tripura,6/6/2020,55,0,0,1031
Tripura,6/7/2020,53,0,19,1932
Tripura,6/8/2020,38,0,0,2190
Tripura,6/9/2020,26,1,0,1119
Tripura,6/10/2020,31,0,47,1455
Tripura,6/11/2020,25,0,39,1362
Cases Unassigned to States,5/19/2020,814,0,0,0
Cases Unassigned to States,5/20/2020,282,0,0,0
Cases Unassigned to States,5/21/2020,307,0,0,0
Cases Unassigned to States,5/22/2020,217,0,0,0
Cases Unassigned to States,5/23/2020,279,0,0,0
Cases Unassigned to States,5/24/2020,439,0,0,0
Cases Unassigned to States,5/25/2020,304,0,0,0
Cases Unassigned to States,5/26/2020,328,0,0,0
Cases Unassigned to States,5/27/2020,1043,0,0,0
Cases Unassigned to States,5/28/2020,319,0,0,0
Cases Unassigned to States,5/29/2020,341,0,0,0
Cases Unassigned to States,5/30/2020,370,0,0,0
Cases Unassigned to States,5/31/2020,448,0,0,0
Cases Unassigned to States,6/1/2020,139,0,0,0
Cases Unassigned to States,6/2/2020,784,0,0,0
Cases Unassigned to States,6/3/2020,709,0,0,0
Cases Unassigned to States,6/4/2020,360,0,0,0
Cases Unassigned to States,6/5/2020,127,0,0,0
Cases Unassigned to States,6/6/2020,582,0,0,0
Cases Unassigned to States,6/7/2020,418,0,0,0
Cases Unassigned to States,6/8/2020,-773,0,0,0
Cases Unassigned to States,6/9/2020,874,0,0,0
Cases Unassigned to States,6/10/2020,516,0,0,0
Cases Unassigned to States,6/11/2020,-296,0,0,0
Cases Unassigned to States,6/12/2020,-616,0,0,0
Cases Unassigned to States,6/13/2020,-331,0,0,0
Uttar Pradesh ,3/4/2020,7,0,0,0
Uttar Pradesh ,3/5/2020,1,0,0,0
Uttar Pradesh ,3/9/2020,2,0,0,0
Uttar Pradesh ,3/12/2020,2,0,0,0
Uttar Pradesh ,3/13/2020,1,0,0,0
Uttar Pradesh ,3/17/2020,2,0,0,0
Uttar Pradesh ,3/18/2020,2,0,0,0
Uttar Pradesh ,3/19/2020,3,0,0,0
Uttar Pradesh ,3/20/2020,4,0,0,0
Uttar Pradesh ,3/21/2020,4,0,0,0
Uttar Pradesh ,3/22/2020,2,0,0,0
Uttar Pradesh ,3/23/2020,4,0,0,0
Uttar Pradesh ,3/24/2020,1,0,0,0
Uttar Pradesh ,3/25/2020,3,0,0,0
Uttar Pradesh ,3/26/2020,4,0,0,0
Uttar Pradesh ,3/27/2020,7,0,0,0
Uttar Pradesh ,3/28/2020,16,0,0,0
Uttar Pradesh ,3/29/2020,7,0,11,0
Uttar Pradesh ,3/30/2020,24,0,6,0
Uttar Pradesh ,4/1/2020,13,2,0,0
Uttar Pradesh ,4/4/2020,60,0,4,0
Uttar Pradesh ,4/5/2020,44,1,0,5255
Uttar Pradesh ,4/8/2020,29,1,10,0
Uttar Pradesh ,4/10/2020,23,0,1,930
Uttar Pradesh ,4/11/2020,19,1,13,1263
Uttar Pradesh ,4/13/2020,75,0,4,1432
Uttar Pradesh ,4/14/2020,102,3,1,2627
Uttar Pradesh ,4/15/2020,75,3,7,3592
Uttar Pradesh ,4/16/2020,70,2,11,1878
Uttar Pradesh ,4/17/2020,44,1,14,3259
Uttar Pradesh ,4/18/2020,126,0,26,3841
Uttar Pradesh ,4/19/2020,125,3,19,3283
Uttar Pradesh ,4/20/2020,84,1,13,2559
Uttar Pradesh ,4/21/2020,153,3,22,3607
Uttar Pradesh ,4/22/2020,112,0,11,4259
Uttar Pradesh ,4/23/2020,61,3,33,3291
Uttar Pradesh ,4/24/2020,111,1,20,7683
Uttar Pradesh ,4/25/2020,172,2,35,3685
Uttar Pradesh ,4/26/2020,80,3,66,4948
Uttar Pradesh ,4/27/2020,113,1,72,5346
Uttar Pradesh ,4/28/2020,67,3,63,3162
Uttar Pradesh ,4/29/2020,81,5,48,3409
Uttar Pradesh ,4/30/2020,77,1,41,4297
Uttar Pradesh ,5/1/2020,117,2,103,4446
Uttar Pradesh ,5/2/2020,159,1,44,3270
Uttar Pradesh ,5/3/2020,158,0,56,10112
Uttar Pradesh ,5/4/2020,121,7,48,2459
Uttar Pradesh ,5/5/2020,114,6,185,6934
Uttar Pradesh ,5/6/2020,118,4,143,4654
Uttar Pradesh ,5/7/2020,73,2,120,3782
Uttar Pradesh ,5/8/2020,143,4,137,6018
Uttar Pradesh ,5/9/2020,159,8,112,5103
Uttar Pradesh ,5/10/2020,94,5,154,5164
Uttar Pradesh ,5/11/2020,106,1,105,5805
Uttar Pradesh ,5/12/2020,91,2,115,4406
Uttar Pradesh ,5/13/2020,94,4,92,5471
Uttar Pradesh ,5/14/2020,144,2,107,7502
Uttar Pradesh ,5/15/2020,155,7,93,6143
Uttar Pradesh ,5/16/2020,201,9,276,3823
Uttar Pradesh ,5/17/2020,206,8,195,9114
Uttar Pradesh ,5/18/2020,141,6,147,4260
Uttar Pradesh ,5/19/2020,321,5,135,5705
Uttar Pradesh ,5/20/2020,249,4,148,8980
Uttar Pradesh ,5/21/2020,340,11,138,15647
Uttar Pradesh ,5/22/2020,220,14,120,7249
Uttar Pradesh ,5/23/2020,282,3,82,3807
Uttar Pradesh ,5/24/2020,251,6,132,11754
Uttar Pradesh ,5/25/2020,229,8,122,6001
Uttar Pradesh ,5/26/2020,227,8,164,4966
Uttar Pradesh ,5/27/2020,267,5,167,0
Uttar Pradesh ,5/28/2020,179,15,224,15679
Uttar Pradesh ,5/29/2020,275,4,195,14653
Uttar Pradesh ,5/30/2020,256,12,241,8368
Uttar Pradesh ,5/31/2020,374,4,192,10604
Uttar Pradesh ,6/1/2020,286,5,187,8011
Uttar Pradesh ,6/2/2020,368,7,146,9718
Uttar Pradesh ,6/3/2020,141,1,81,10159
Uttar Pradesh ,6/4/2020,367,15,182,12883
Uttar Pradesh ,6/5/2020,496,12,209,14054
Uttar Pradesh ,6/6/2020,370,11,260,10368
Uttar Pradesh ,6/7/2020,433,7,277,5173
Uttar Pradesh ,6/8/2020,411,8,159,20465
Uttar Pradesh ,6/9/2020,388,18,325,10563
Uttar Pradesh ,6/10/2020,275,20,302,13351
Uttar Pradesh ,6/11/2020,478,24,321,16032
Uttar Pradesh ,6/12/2020,528,20,317,14932
Uttrakhand,3/15/2020,1,0,0,0
Uttrakhand,3/19/2020,2,0,0,0
Uttrakhand,3/23/2020,1,0,0,0
Uttrakhand,3/25/2020,1,0,0,0
Uttrakhand,3/28/2020,1,0,0,0
Uttrakhand,3/29/2020,1,0,2,0
Uttrakhand,4/2/2020,3,0,0,678
Uttrakhand,4/5/2020,4,0,2,0
Uttrakhand,4/8/2020,4,0,1,0
Uttrakhand,4/13/2020,0,0,2,178
Uttrakhand,4/14/2020,2,0,2,176
Uttrakhand,4/17/2020,3,0,0,238
Uttrakhand,4/18/2020,2,0,0,327
Uttrakhand,4/19/2020,2,0,2,186
Uttrakhand,4/20/2020,2,0,7,333
Uttrakhand,4/21/2020,0,0,1,384
Uttrakhand,4/22/2020,0,0,4,214
Uttrakhand,4/23/2020,1,0,1,198
Uttrakhand,4/24/2020,1,0,1,294
Uttrakhand,4/25/2020,0,0,1,427
Uttrakhand,4/26/2020,3,0,0,83
Uttrakhand,4/28/2020,3,0,0,276
Uttrakhand,4/29/2020,1,0,2,307
Uttrakhand,4/30/2020,2,0,8,519
Uttrakhand,5/1/2020,0,1,1,477
Uttrakhand,5/2/2020,2,0,2,327
Uttrakhand,5/8/2020,2,0,6,333
Uttrakhand,5/9/2020,4,0,1,270
Uttrakhand,5/14/2020,6,0,4,502
Uttrakhand,5/15/2020,4,0,1,751
Uttrakhand,5/17/2020,1,0,1,615
Uttrakhand,5/20/2020,15,0,1,812
Uttrakhand,5/23/2020,91,0,2,1240
Uttrakhand,5/24/2020,73,2,3,1721
Uttrakhand,5/25/2020,32,1,0,1148
Uttrakhand,5/26/2020,51,0,6,959
Uttrakhand,5/27/2020,69,0,15,899
Uttrakhand,5/29/2020,216,0,23,1571
Uttrakhand,5/30/2020,33,1,0,1482
Uttrakhand,6/1/2020,52,0,120,1265
Uttrakhand,6/2/2020,84,2,30,1378
Uttrakhand,6/3/2020,42,1,7,1332
Uttrakhand,6/4/2020,68,2,38,704
Uttrakhand,6/5/2020,62,1,47,850
Uttrakhand,6/6/2020,88,0,78,671
Uttrakhand,6/7/2020,52,2,106,528
Uttrakhand,6/8/2020,56,0,186,1967
Uttrakhand,6/9/2020,126,0,41,1131
Uttrakhand,6/10/2020,25,2,76,608
Uttrakhand,6/11/2020,93,1,55,1016
Uttrakhand,6/12/2020,69,5,61,895
West Bengal,3/17/2020,1,0,0,0
West Bengal,3/20/2020,1,0,0,0
West Bengal,3/21/2020,2,0,0,0
West Bengal,3/22/2020,3,0,0,0
West Bengal,3/24/2020,2,0,0,0
West Bengal,3/26/2020,1,0,0,0
West Bengal,3/27/2020,5,0,0,0
West Bengal,3/28/2020,3,0,0,0
West Bengal,3/29/2020,3,1,0,0
West Bengal,3/30/2020,1,1,0,0
West Bengal,3/31/2020,15,1,3,0
West Bengal,4/7/2020,11,0,3,186
West Bengal,4/9/2020,4,0,3,402
West Bengal,4/12/2020,8,2,3,237
West Bengal,4/13/2020,18,0,10,270
West Bengal,4/14/2020,38,0,7,288
West Bengal,4/15/2020,23,0,1,389
West Bengal,4/16/2020,18,3,5,341
West Bengal,4/17/2020,24,0,9,401
West Bengal,4/18/2020,32,2,4,418
West Bengal,4/19/2020,23,0,7,415
West Bengal,4/20/2020,29,0,4,424
West Bengal,4/21/2020,53,3,7,713
West Bengal,4/23/2020,33,0,6,953
West Bengal,4/24/2020,58,3,24,943
West Bengal,4/26/2020,40,2,2,1013
West Bengal,4/28/2020,48,2,4,1180
West Bengal,4/29/2020,28,0,10,1397
West Bengal,4/30/2020,33,11,5,1905
West Bengal,5/1/2020,37,8,15,2041
West Bengal,5/2/2020,127,7,12,2410
West Bengal,5/3/2020,276,74,-19,1939
West Bengal,5/4/2020,61,11,86,2201
West Bengal,5/5/2020,85,7,46,2455
West Bengal,5/6/2020,112,4,1,2570
West Bengal,5/7/2020,92,7,31,2611
West Bengal,5/8/2020,130,9,27,3015
West Bengal,5/9/2020,108,11,49,3601
West Bengal,5/10/2020,153,14,45,4046
West Bengal,5/11/2020,124,5,82,4201
West Bengal,5/12/2020,110,8,113,5007
West Bengal,5/13/2020,117,9,90,5010
West Bengal,5/14/2020,87,8,66,5205
West Bengal,5/15/2020,84,10,61,6706
West Bengal,5/16/2020,115,7,63,7745
West Bengal,5/17/2020,101,6,67,8668
West Bengal,5/18/2020,147,6,47,7614
West Bengal,5/19/2020,137,6,68,8712
West Bengal,5/20/2020,142,3,62,8720
West Bengal,5/21/2020,94,6,57,4242
West Bengal,5/22/2020,135,6,28,5355
West Bengal,5/23/2020,127,4,60,9009
West Bengal,5/24/2020,208,3,58,9216
West Bengal,5/25/2020,149,6,75,9225
West Bengal,5/26/2020,193,5,72,9228
West Bengal,5/27/2020,183,6,92,9236
West Bengal,5/28/2020,344,6,90,9256
West Bengal,5/29/2020,277,7,107,9282
West Bengal,5/30/2020,317,7,195,9346
West Bengal,5/31/2020,371,8,187,9354
West Bengal,6/1/2020,271,8,149,9480
West Bengal,6/2/2020,396,10,104,9495
West Bengal,6/3/2020,340,10,170,9499
West Bengal,6/4/2020,368,10,188,9606
West Bengal,6/5/2020,427,11,144,9686
West Bengal,6/6/2020,435,17,207,9771
West Bengal,6/7/2020,449,13,184,9786
West Bengal,6/8/2020,426,9,162,9024
West Bengal,6/9/2020,372,10,155,7802
West Bengal,6/10/2020,343,17,159,9519
West Bengal,6/11/2020,440,10,209,9522
West Bengal,6/12/2020,476,9,218,8758